target_kind,complexity,noise_std,model,dim,eig_idx,budget,selected_lr,median_test_rmse,q25_test_rmse,q75_test_rmse,mean_test_rmse,n
general,5,0.0,unconstrained,5,2,1,0.1,0.9958817660808563,0.8986647576093674,1.1144094467163086,1.000199694186449,96
general,5,0.0,unconstrained,5,2,2,0.1,0.859523206949234,0.7635102719068527,0.9917080998420715,0.8774487332751354,96
general,5,0.0,unconstrained,5,2,5,0.1,0.7762437164783478,0.6814566254615784,0.8923363238573074,0.782095520136257,96
general,5,0.0,unconstrained,5,2,10,0.1,0.700262188911438,0.6277248412370682,0.7710095196962357,0.6958331245308121,96
general,5,0.0,unconstrained,5,2,20,0.1,0.5853081345558167,0.5386342406272888,0.6712855249643326,0.5990002959345778,96
general,5,0.0,unconstrained,5,2,50,0.1,0.49313056468963623,0.41947038471698755,0.579634889960289,0.5016762856394053,96
general,5,0.0,unconstrained,5,2,100,0.1,0.4220953583717346,0.3492920473217964,0.516544371843338,0.43724760847787064,96
general,5,0.0,unconstrained,5,2,200,0.0372759372031493,0.3652585446834564,0.30947989225387573,0.4665082842111587,0.3868756478962799,96
general,5,0.0,unconstrained,5,2,500,0.0372759372031493,0.3069235235452652,0.25985389947891235,0.39643233269453043,0.3280835429516931,96
general,5,0.0,unconstrained,9,4,1,0.0372759372031493,0.9220677018165588,0.803764209151268,1.0252541899681091,0.9297770112752914,96
general,5,0.0,unconstrained,9,4,2,0.0372759372031493,0.8126009702682495,0.7190897315740585,0.9355287849903106,0.8283221504340569,96
general,5,0.0,unconstrained,9,4,5,0.0372759372031493,0.7191845774650574,0.622074082493782,0.8119048476219177,0.7189720338210464,96
general,5,0.0,unconstrained,9,4,10,0.0372759372031493,0.6388576924800873,0.5617614388465881,0.7287303805351257,0.6491818266610304,96
general,5,0.0,unconstrained,9,4,20,0.0372759372031493,0.5515986084938049,0.47958967089653015,0.6327057927846909,0.5530588459223509,96
general,5,0.0,unconstrained,9,4,50,0.0372759372031493,0.4262148588895798,0.36487759649753565,0.4985010698437691,0.438806291980048,96
general,5,0.0,unconstrained,9,4,100,0.0372759372031493,0.35015231370925903,0.30496665835380554,0.43945370614528656,0.3701324053108692,96
general,5,0.0,unconstrained,9,4,200,0.0372759372031493,0.2935766577720642,0.2520781680941581,0.3698234781622886,0.3158242066080371,96
general,5,0.0,unconstrained,9,4,500,0.0372759372031493,0.2308748215436935,0.19719867408275604,0.26838273555040354,0.24347348107645905,96
general,5,0.0,unconstrained,15,7,1,0.0372759372031493,0.8376972675323486,0.7364153861999512,0.9099966436624527,0.8381255970646938,96
general,5,0.0,unconstrained,15,7,2,0.0372759372031493,0.7288117408752441,0.6613809317350388,0.8380192518234253,0.7555921872456869,96
general,5,0.0,unconstrained,15,7,5,0.0372759372031493,0.6505317091941833,0.5714308470487595,0.7266582697629929,0.6528401635587215,96
general,5,0.0,unconstrained,15,7,10,0.0138949549437313,0.6004309356212616,0.5189428776502609,0.6704411655664444,0.6058006168653568,96
general,5,0.0,unconstrained,15,7,20,0.0372759372031493,0.5207745432853699,0.4394553452730179,0.5843536555767059,0.5214438131079078,96
general,5,0.0,unconstrained,15,7,50,0.0372759372031493,0.4038130193948746,0.3532153442502022,0.47661312669515604,0.4222900488724311,96
general,5,0.0,unconstrained,15,7,100,0.0372759372031493,0.34316819906234736,0.28326133638620377,0.397375151515007,0.35051844532911974,96
general,5,0.0,unconstrained,15,7,200,0.0138949549437313,0.2915416806936264,0.24113836884498593,0.3533354699611664,0.3009467837400734,96
general,5,0.0,unconstrained,15,7,500,0.0138949549437313,0.1969395875930786,0.17588473856449122,0.2563789784908294,0.2177686027716845,96
general,5,0.1,unconstrained,5,2,1,0.1,0.9940825700759888,0.8986647576093674,1.1144094467163086,1.0018487858275573,96
general,5,0.1,unconstrained,5,2,2,0.1,0.8692396283149719,0.7642501443624496,0.9883477538824081,0.8783539577076832,96
general,5,0.1,unconstrained,5,2,5,0.1,0.7737909853458405,0.6750638484954834,0.8932408094406128,0.7919870854044954,96
general,5,0.1,unconstrained,5,2,10,0.1,0.6973733901977539,0.6144350320100784,0.7539600282907486,0.6950895208865404,96
general,5,0.1,unconstrained,5,2,20,0.1,0.6066056191921234,0.5451752990484238,0.6869867742061615,0.612998239385585,96
general,5,0.1,unconstrained,5,2,50,0.1,0.4972989708185196,0.43014137446880335,0.57216677069664,0.5116027103116115,96
general,5,0.1,unconstrained,5,2,100,0.0372759372031493,0.4296446889638901,0.38079778105020523,0.5127816051244736,0.4451831236171226,96
general,5,0.1,unconstrained,5,2,200,0.1,0.36344319581985474,0.32562291622161865,0.4836971163749694,0.4023840273730457,96
general,5,0.1,unconstrained,5,2,500,0.0372759372031493,0.30944643914699554,0.26227900385856623,0.3858376666903496,0.3305777677645286,96
general,5,0.1,unconstrained,9,4,1,0.0372759372031493,0.9259199798107147,0.8044509589672089,1.0260770320892336,0.928791639705499,96
general,5,0.1,unconstrained,9,4,2,0.0372759372031493,0.8171631991863251,0.7280636727809906,0.9318270534276962,0.8338986970484257,96
general,5,0.1,unconstrained,9,4,5,0.0372759372031493,0.7054534554481506,0.6168618500232697,0.7920616567134857,0.7118788724765182,96
general,5,0.1,unconstrained,9,4,10,0.0372759372031493,0.6398197710514069,0.5448962301015854,0.7193417251110077,0.6354606132954359,96
general,5,0.1,unconstrained,9,4,20,0.0372759372031493,0.5729787349700928,0.49952343851327896,0.6369870603084564,0.5652263664330045,96
general,5,0.1,unconstrained,9,4,50,0.0372759372031493,0.44671203196048737,0.38695654273033137,0.5291429907083511,0.45564039920767146,96
general,5,0.1,unconstrained,9,4,100,0.0372759372031493,0.3583827018737793,0.3158300295472145,0.441440686583519,0.3794446224346757,96
general,5,0.1,unconstrained,9,4,200,0.0372759372031493,0.30719462037086487,0.2605097368359566,0.3606908917427063,0.32206763047724957,96
general,5,0.1,unconstrained,9,4,500,0.0372759372031493,0.2325634285807609,0.20609115436673162,0.280401736497879,0.2537653315812349,96
general,5,0.1,unconstrained,15,7,1,0.0372759372031493,0.8346816897392273,0.7352258861064911,0.914654016494751,0.8360450646529595,96
general,5,0.1,unconstrained,15,7,2,0.0372759372031493,0.7462838888168335,0.6678705513477325,0.8240107446908951,0.7566704303026199,96
general,5,0.1,unconstrained,15,7,5,0.0372759372031493,0.6686369180679321,0.5777313411235809,0.7356244921684265,0.6684604523082575,96
general,5,0.1,unconstrained,15,7,10,0.0372759372031493,0.6040027141571045,0.5046117603778839,0.6750868260860443,0.5961755138511459,96
general,5,0.1,unconstrained,15,7,20,0.0372759372031493,0.5169648826122284,0.451710507273674,0.6062693297863007,0.5330272549763322,96
general,5,0.1,unconstrained,15,7,50,0.0372759372031493,0.4104426205158233,0.3778377175331116,0.48481260240077967,0.44052639324218035,96
general,5,0.1,unconstrained,15,7,100,0.0372759372031493,0.3455195277929306,0.30331602692604065,0.41647425293922424,0.3685212751540045,96
general,5,0.1,unconstrained,15,7,200,0.0138949549437313,0.287465289235115,0.24774330481886858,0.35095073282718653,0.30541886202991003,96
general,5,0.1,unconstrained,15,7,500,0.0138949549437313,0.20655020326375956,0.17507182806730265,0.2538235932588577,0.22326642880216238,96
general,9,0.0,unconstrained,5,2,1,0.0372759372031493,1.078476071357727,1.0246962904930113,1.176007717847824,1.0946108394612868,96
general,9,0.0,unconstrained,5,2,2,0.1,1.0056862235069275,0.9418430477380753,1.0784003138542175,1.0112055589755375,96
general,9,0.0,unconstrained,5,2,5,0.0372759372031493,0.9283844530582428,0.8768219500780106,0.9928439855575562,0.936171984920899,96
general,9,0.0,unconstrained,5,2,10,0.0372759372031493,0.8861759305000305,0.8383554220199585,0.9406135231256485,0.8900246800233921,96
general,9,0.0,unconstrained,5,2,20,0.0372759372031493,0.8463221490383148,0.7933815270662308,0.8888282477855682,0.8487844833483299,96
general,9,0.0,unconstrained,5,2,50,0.0372759372031493,0.7966860830783844,0.7621586173772812,0.8528522551059723,0.8060948451360067,96
general,9,0.0,unconstrained,5,2,100,0.0372759372031493,0.7649411261081696,0.7273173481225967,0.8098612427711487,0.7716243142882983,96
general,9,0.0,unconstrained,5,2,200,0.0372759372031493,0.737135261297226,0.6945247203111649,0.7768245339393616,0.7394703043003877,96
general,9,0.0,unconstrained,5,2,500,0.0372759372031493,0.6893879473209381,0.6578522771596909,0.7298940718173981,0.6975715731581053,96
general,9,0.0,unconstrained,9,4,1,0.0372759372031493,1.0069761276245117,0.9393786638975143,1.0598592162132263,1.0119832934190829,96
general,9,0.0,unconstrained,9,4,2,0.0372759372031493,0.9474799931049347,0.8800108730792999,1.0015076696872711,0.9485027945290009,96
general,9,0.0,unconstrained,9,4,5,0.0372759372031493,0.8969743251800537,0.8405973315238953,0.9509046375751495,0.8950039384265741,96
general,9,0.0,unconstrained,9,4,10,0.0372759372031493,0.853156566619873,0.806748241186142,0.9073344767093658,0.8548980889221033,96
general,9,0.0,unconstrained,9,4,20,0.0372759372031493,0.8048882186412811,0.7545306235551834,0.8595407754182816,0.8048770868529876,96
general,9,0.0,unconstrained,9,4,50,0.0372759372031493,0.741964191198349,0.6970473825931549,0.8059055507183075,0.7507170060028633,96
general,9,0.0,unconstrained,9,4,100,0.0372759372031493,0.6894450485706329,0.6347277462482452,0.744768962264061,0.6966117142389218,96
general,9,0.0,unconstrained,9,4,200,0.0372759372031493,0.6496495306491852,0.6052005738019943,0.6898991167545319,0.6475967305401961,96
general,9,0.0,unconstrained,9,4,500,0.0372759372031493,0.5624803304672241,0.5119809508323669,0.6005337983369827,0.5582616524770856,96
general,9,0.0,unconstrained,15,7,1,0.0372759372031493,0.9579130709171295,0.8941827416419983,1.01552352309227,0.9637949150055647,96
general,9,0.0,unconstrained,15,7,2,0.0372759372031493,0.9164011478424072,0.85702845454216,0.9710252732038499,0.9165966088573138,96
general,9,0.0,unconstrained,15,7,5,0.0138949549437313,0.8445722758769989,0.7889883071184158,0.9096917062997818,0.8493130424370369,96
general,9,0.0,unconstrained,15,7,10,0.0138949549437313,0.8065178096294403,0.750379279255867,0.8513239622116089,0.8026683069765568,96
general,9,0.0,unconstrained,15,7,20,0.0138949549437313,0.7611388266086578,0.7132235169410706,0.8122401088476181,0.7647410233815511,96
general,9,0.0,unconstrained,15,7,50,0.0138949549437313,0.692616730928421,0.6463575065135956,0.7491267174482346,0.6986816724141439,96
general,9,0.0,unconstrained,15,7,100,0.0138949549437313,0.6399581432342529,0.5890169441699982,0.6892865598201752,0.6465297061949968,96
general,9,0.0,unconstrained,15,7,200,0.0138949549437313,0.5824075043201447,0.5420980304479599,0.6393294483423233,0.5896833970521888,96
general,9,0.0,unconstrained,15,7,500,0.0138949549437313,0.4861820638179779,0.4472969621419906,0.5371817648410797,0.4918480139846603,96
general,9,0.1,unconstrained,5,2,1,0.0372759372031493,1.0769115090370178,1.022039383649826,1.175974428653717,1.0922172497957945,96
general,9,0.1,unconstrained,5,2,2,0.0372759372031493,1.0148689150810242,0.940408557653427,1.070490837097168,1.0126903379956882,96
general,9,0.1,unconstrained,5,2,5,0.0372759372031493,0.9135881066322327,0.8660416901111603,0.9853497147560119,0.9231096760680279,96
general,9,0.1,unconstrained,5,2,10,0.0372759372031493,0.8841794729232788,0.825475424528122,0.9394102990627289,0.8854165387650331,96
general,9,0.1,unconstrained,5,2,20,0.0372759372031493,0.8435190618038177,0.7958615571260452,0.9008334130048753,0.8484671507030725,96
general,9,0.1,unconstrained,5,2,50,0.0372759372031493,0.7976900339126587,0.7497928589582443,0.8555396497249603,0.8044885968168577,96
general,9,0.1,unconstrained,5,2,100,0.0372759372031493,0.7684198915958405,0.7230331748723984,0.8136122524738312,0.7689728836218516,96
general,9,0.1,unconstrained,5,2,200,0.0372759372031493,0.7376311719417572,0.6935709416866302,0.7718160897493362,0.7370714793602625,96
general,9,0.1,unconstrained,5,2,500,0.0372759372031493,0.6885466873645782,0.6607441157102585,0.7389359325170517,0.6990622909118732,96
general,9,0.1,unconstrained,9,4,1,0.0372759372031493,1.0058090090751648,0.9352272748947144,1.0605227649211884,1.0107193465034168,96
general,9,0.1,unconstrained,9,4,2,0.0372759372031493,0.9515615999698639,0.8899660110473633,1.007968246936798,0.9552067114661137,96
general,9,0.1,unconstrained,9,4,5,0.0372759372031493,0.8947669863700867,0.8358114212751389,0.9584738910198212,0.8898258147140344,96
general,9,0.1,unconstrained,9,4,10,0.0372759372031493,0.855059027671814,0.7960192412137985,0.9029359370470047,0.847123791774114,96
general,9,0.1,unconstrained,9,4,20,0.0372759372031493,0.8028393685817719,0.7541868537664413,0.8783632963895798,0.811194771900773,96
general,9,0.1,unconstrained,9,4,50,0.0138949549437313,0.7470507323741913,0.6888049691915512,0.811201423406601,0.7514691011359295,96
general,9,0.1,unconstrained,9,4,100,0.0372759372031493,0.702878326177597,0.6434998661279678,0.7298405915498734,0.6948741258432468,96
general,9,0.1,unconstrained,9,4,200,0.0372759372031493,0.6350038051605225,0.5950005948543549,0.6746186912059784,0.63804583872358,96
general,9,0.1,unconstrained,9,4,500,0.0372759372031493,0.554465651512146,0.5131373554468155,0.6009877175092697,0.5595305040478706,96
general,9,0.1,unconstrained,15,7,1,0.0372759372031493,0.957293838262558,0.8917620331048965,1.020475298166275,0.9613810194035372,96
general,9,0.1,unconstrained,15,7,2,0.0372759372031493,0.9170124232769012,0.8626672476530075,0.9682707488536835,0.9225167005012432,96
general,9,0.1,unconstrained,15,7,5,0.0138949549437313,0.8496298491954803,0.8050040900707245,0.9112998843193053,0.8516188325981299,96
general,9,0.1,unconstrained,15,7,10,0.0138949549437313,0.8161544799804688,0.7598669230937958,0.8681586384773254,0.8142959972222646,96
general,9,0.1,unconstrained,15,7,20,0.0138949549437313,0.7591404616832733,0.7209713459014893,0.8153539150953293,0.7682609924425682,96
general,9,0.1,unconstrained,15,7,50,0.0138949549437313,0.69573575258255,0.6454501897096634,0.7626454085111618,0.7010349985212088,96
general,9,0.1,unconstrained,15,7,100,0.0138949549437313,0.6431533396244049,0.5977832525968552,0.6996016502380371,0.6478492747992277,96
general,9,0.1,unconstrained,15,7,200,0.0138949549437313,0.5856083929538727,0.5361756980419159,0.6351820230484009,0.587505443332096,96
general,9,0.1,unconstrained,15,7,500,0.0138949549437313,0.48868077993392944,0.4448142945766449,0.5435408800840378,0.4966732216998935,96
general,13,0.0,unconstrained,5,2,1,0.0372759372031493,1.0921644568443298,1.0349834263324738,1.1658893823623655,1.0993930759529273,96
general,13,0.0,unconstrained,5,2,2,0.1,1.015540063381195,0.9679441452026367,1.0666707754135132,1.0182877990106742,96
general,13,0.0,unconstrained,5,2,5,0.0372759372031493,0.9511573314666748,0.9085490852594375,0.9965572059154512,0.9563726062575976,96
general,13,0.0,unconstrained,5,2,10,0.0372759372031493,0.9274287223815918,0.8855223953723907,0.961597502231598,0.921727596471707,96
general,13,0.0,unconstrained,5,2,20,0.0372759372031493,0.8891996145248413,0.853838637471199,0.9229616969823837,0.8910829536616802,96
general,13,0.0,unconstrained,5,2,50,0.0138949549437313,0.8644369840621948,0.8267127275466919,0.8962916880846024,0.8654849485804638,96
general,13,0.0,unconstrained,5,2,100,0.0138949549437313,0.8482645750045776,0.8120360821485519,0.8858081698417664,0.8501644469797611,96
general,13,0.0,unconstrained,5,2,200,0.0372759372031493,0.8330352902412415,0.7898876368999481,0.8768028914928436,0.836545791476965,96
general,13,0.0,unconstrained,5,2,500,0.0372759372031493,0.8164511620998383,0.7686184048652649,0.8465327620506287,0.8143389200170835,96
general,13,0.0,unconstrained,9,4,1,0.0372759372031493,1.0122774243354797,0.9594993442296982,1.0809656977653503,1.0328269557406504,96
general,13,0.0,unconstrained,9,4,2,0.0372759372031493,0.9700118899345398,0.9207874983549118,1.0290127098560333,0.9770803637802601,96
general,13,0.0,unconstrained,9,4,5,0.0372759372031493,0.9237770438194276,0.8880401104688644,0.9678002148866652,0.9324949625879526,96
general,13,0.0,unconstrained,9,4,10,0.0138949549437313,0.895160585641861,0.8527812957763672,0.9347863346338272,0.8967234256366888,96
general,13,0.0,unconstrained,9,4,20,0.0138949549437313,0.8754273951053619,0.8234938085079193,0.9113571345806123,0.8741159550845623,96
general,13,0.0,unconstrained,9,4,50,0.0138949549437313,0.840167373418808,0.8034742474555969,0.8787231892347336,0.8446307325114807,96
general,13,0.0,unconstrained,9,4,100,0.0138949549437313,0.8157016336917877,0.7771736979484558,0.8619904667139053,0.822345677142342,96
general,13,0.0,unconstrained,9,4,200,0.0138949549437313,0.7908709049224854,0.7497537136077881,0.8349288702011108,0.7960647425303856,96
general,13,0.0,unconstrained,9,4,500,0.0138949549437313,0.7483434975147247,0.70506252348423,0.7903047204017639,0.7522738159944614,96
general,13,0.0,unconstrained,15,7,1,0.0138949549437313,0.9836257100105286,0.9453873336315156,1.0206449329853058,0.9843640768279632,96
general,13,0.0,unconstrained,15,7,2,0.0138949549437313,0.9497111737728119,0.9182943105697632,0.9907046258449553,0.9570839374015728,96
general,13,0.0,unconstrained,15,7,5,0.0138949549437313,0.907857209444046,0.8707684576511383,0.9476034045219421,0.9117043142517408,96
general,13,0.0,unconstrained,15,7,10,0.0138949549437313,0.8765383958816528,0.8434308618307114,0.9177728891372682,0.8814259090771278,96
general,13,0.0,unconstrained,15,7,20,0.0138949549437313,0.8540313839912415,0.8166410028934479,0.8952434957027435,0.855993481973807,96
general,13,0.0,unconstrained,15,7,50,0.0138949549437313,0.8021153211593628,0.7772924900054932,0.842658668756485,0.8137921107312044,96
general,13,0.0,unconstrained,15,7,100,0.0138949549437313,0.776978611946106,0.7423481196165085,0.8234396129846573,0.7858909163624048,96
general,13,0.0,unconstrained,15,7,200,0.0138949549437313,0.7441250085830688,0.7106206268072128,0.7936874032020569,0.7523802127689123,96
general,13,0.0,unconstrained,15,7,500,0.0138949549437313,0.6833845376968384,0.6488442420959473,0.7179175764322281,0.6874724011868238,96
general,13,0.1,unconstrained,5,2,1,0.0372759372031493,1.0881649255752563,1.0353997349739075,1.1658893525600431,1.0983733255416155,96
general,13,0.1,unconstrained,5,2,2,0.0372759372031493,1.0199079513549805,0.9745697230100631,1.0769185721874235,1.0265526287257671,96
general,13,0.1,unconstrained,5,2,5,0.0372759372031493,0.9491715133190155,0.9021575599908829,0.9903469532728195,0.9469933149715265,96
general,13,0.1,unconstrained,5,2,10,0.0372759372031493,0.9121048450469971,0.8668122738599777,0.9577564895153047,0.9148926287889481,96
general,13,0.1,unconstrained,5,2,20,0.0372759372031493,0.891789972782135,0.8512138277292252,0.9283714890480042,0.89346769079566,96
general,13,0.1,unconstrained,5,2,50,0.0138949549437313,0.8619545698165894,0.8217810243368149,0.8983556628227234,0.8634867699195942,96
general,13,0.1,unconstrained,5,2,100,0.0372759372031493,0.8502547144889832,0.8119791597127914,0.8894620388746262,0.8531048459311327,96
general,13,0.1,unconstrained,5,2,200,0.0372759372031493,0.8304883539676666,0.795363187789917,0.873963788151741,0.84016217601796,96
general,13,0.1,unconstrained,5,2,500,0.0372759372031493,0.8081671595573425,0.7660756260156631,0.856089174747467,0.8163436955461899,96
general,13,0.1,unconstrained,9,4,1,0.0372759372031493,1.009795367717743,0.9568101316690446,1.0824220776557922,1.0303135470797617,96
general,13,0.1,unconstrained,9,4,2,0.0372759372031493,0.9872825145721436,0.9225109666585922,1.033284604549408,0.9868847709149122,96
general,13,0.1,unconstrained,9,4,5,0.0372759372031493,0.9313021898269652,0.8977610319852829,0.9741635620594025,0.9329191489766041,96
general,13,0.1,unconstrained,9,4,10,0.0138949549437313,0.8971412777900696,0.853917121887207,0.9345164448022842,0.8990504772712787,96
general,13,0.1,unconstrained,9,4,20,0.0138949549437313,0.8751433193683624,0.8296993374824524,0.9094928354024887,0.8720632481078306,96
general,13,0.1,unconstrained,9,4,50,0.0138949549437313,0.8403555750846863,0.8060615807771683,0.8778886795043945,0.8436377694209417,96
general,13,0.1,unconstrained,9,4,100,0.0138949549437313,0.8204267919063568,0.777690201997757,0.8529779016971588,0.8213738556951284,96
general,13,0.1,unconstrained,9,4,200,0.0138949549437313,0.7930794954299927,0.7534492462873459,0.8318527191877365,0.7969959856321415,96
general,13,0.1,unconstrained,9,4,500,0.0138949549437313,0.7466945350170135,0.710906371474266,0.7991428226232529,0.7540319164594015,96
general,13,0.1,unconstrained,15,7,1,0.0138949549437313,0.9820647835731506,0.9444997757673264,1.021393209695816,0.9844329226762056,96
general,13,0.1,unconstrained,15,7,2,0.0138949549437313,0.9528392553329468,0.923682227730751,0.9929766952991487,0.9591065055380265,96
general,13,0.1,unconstrained,15,7,5,0.0138949549437313,0.9173000156879426,0.8684852123260498,0.9531407952308655,0.916781614224116,96
general,13,0.1,unconstrained,15,7,10,0.0138949549437313,0.885665774345398,0.837855875492096,0.9145724773406982,0.8828079172720512,96
general,13,0.1,unconstrained,15,7,20,0.0051794746792312,0.8553919792175293,0.8246161937713623,0.8934391885995865,0.8601667986561855,96
general,13,0.1,unconstrained,15,7,50,0.0138949549437313,0.8112753033638,0.7758782207965851,0.8616149872541428,0.8172366824001074,96
general,13,0.1,unconstrained,15,7,100,0.0138949549437313,0.7830146253108978,0.7509371042251587,0.8205981403589249,0.7890414490054051,96
general,13,0.1,unconstrained,15,7,200,0.0138949549437313,0.7420282065868378,0.7058109045028687,0.7867580503225327,0.7498635873198509,96
general,13,0.1,unconstrained,15,7,500,0.0138949549437313,0.6807480454444885,0.6486736983060837,0.728739783167839,0.6878090134511391,96
monotone,5,0.0,monotone,5,2,1,0.1,0.7212451100349426,0.6224382072687149,0.8582844734191895,0.7447031959891319,96
monotone,5,0.0,monotone,5,2,2,0.1,0.6366522312164307,0.5603858530521393,0.7528881728649139,0.6557605493192872,96
monotone,5,0.0,monotone,5,2,5,0.1,0.5251883864402771,0.4511041417717933,0.6223475188016891,0.5325418251256148,96
monotone,5,0.0,monotone,5,2,10,0.1,0.4295978546142578,0.3744204491376876,0.5133999884128571,0.4478592579253018,96
monotone,5,0.0,monotone,5,2,20,0.1,0.3542153835296631,0.3204841837286949,0.43490523099899286,0.36985844979062676,96
monotone,5,0.0,monotone,5,2,50,0.1,0.2647763639688492,0.23435069993138308,0.2995034456253051,0.27305873110890383,96
monotone,5,0.0,monotone,5,2,100,0.1,0.22331217676401136,0.18595041707158083,0.2541000694036483,0.22281706100329754,96
monotone,5,0.0,monotone,5,2,200,0.1,0.17624087631702415,0.1431792825460433,0.20008304342627523,0.17531979076253867,96
monotone,5,0.0,monotone,5,2,500,0.0372759372031493,0.13352755457162854,0.11125347204506394,0.1514656208455562,0.13693224475719032,96
monotone,5,0.0,monotone,9,4,1,0.1,0.7817088961601257,0.6777919232845306,0.9130049347877504,0.8007276331384977,96
monotone,5,0.0,monotone,9,4,2,0.1,0.6652668118476868,0.5661986917257309,0.7877965569496155,0.6847127331420779,96
monotone,5,0.0,monotone,9,4,5,0.1,0.5353886485099792,0.46359796822071075,0.6087831854820251,0.5382345107694467,96
monotone,5,0.0,monotone,9,4,10,0.1,0.4172400683164596,0.3572093471884727,0.4863690212368965,0.42473810352385044,96
monotone,5,0.0,monotone,9,4,20,0.1,0.3397256731986999,0.3060978427529335,0.38302329927682877,0.34575072256848216,96
monotone,5,0.0,monotone,9,4,50,0.1,0.24783142656087875,0.21384355053305623,0.29019932448863983,0.25622555978285766,96
monotone,5,0.0,monotone,9,4,100,0.1,0.19507848471403116,0.15666687116026873,0.23026039823889727,0.20175072473163402,96
monotone,5,0.0,monotone,9,4,200,0.0372759372031493,0.14568293094635004,0.12969748675823212,0.1690144464373588,0.15188671912377075,96
monotone,5,0.0,monotone,9,4,500,0.0372759372031493,0.1004358194768428,0.08734303899109361,0.11729849316179744,0.10472488550779717,96
monotone,5,0.0,monotone,15,7,1,0.0372759372031493,0.789318174123764,0.6898835003376007,0.922054797410965,0.8069037261108557,96
monotone,5,0.0,monotone,15,7,2,0.1,0.7044137716293335,0.621484100818634,0.823620080947876,0.7228703396394849,96
monotone,5,0.0,monotone,15,7,5,0.1,0.5700736045837402,0.48395588248968124,0.6514794230461121,0.5700486740097404,96
monotone,5,0.0,monotone,15,7,10,0.1,0.4297019690275192,0.3614059537649154,0.48062707483768463,0.42803813858578604,96
monotone,5,0.0,monotone,15,7,20,0.1,0.34587162733078003,0.30165163427591324,0.40553006529808044,0.35140522631506127,96
monotone,5,0.0,monotone,15,7,50,0.0372759372031493,0.2501192837953567,0.22582421824336052,0.29268380254507065,0.2629094724543392,96
monotone,5,0.0,monotone,15,7,100,0.0372759372031493,0.19751824438571924,0.17177897691726685,0.23256035149097437,0.2033003335818648,96
monotone,5,0.0,monotone,15,7,200,0.0372759372031493,0.13191972672939295,0.11303349770605563,0.1531750448048114,0.14058577005440986,96
monotone,5,0.0,monotone,15,7,500,0.0372759372031493,0.0941485166549682,0.08176035992801182,0.11018549650907515,0.09668458458812283,96
monotone,5,0.0,unconstrained,5,2,1,0.1,0.7991380989551544,0.6780363470315933,0.869383379817009,0.7871756621946892,96
monotone,5,0.0,unconstrained,5,2,2,0.1,0.6762997806072235,0.5903548896312714,0.7545917183160782,0.6719403105477492,96
monotone,5,0.0,unconstrained,5,2,5,0.0372759372031493,0.5718793272972107,0.48778107762336725,0.6621771156787872,0.5763068568582336,96
monotone,5,0.0,unconstrained,5,2,10,0.0372759372031493,0.4938816279172897,0.4269923195242881,0.5848447978496552,0.5140065482507149,96
monotone,5,0.0,unconstrained,5,2,20,0.1,0.41913808882236475,0.35502060502767563,0.4826879575848579,0.425377263687551,96
monotone,5,0.0,unconstrained,5,2,50,0.1,0.2882763743400574,0.23387644439935681,0.33985985070466995,0.3000601775323351,96
monotone,5,0.0,unconstrained,5,2,100,0.1,0.22203723341226575,0.17922016605734825,0.2584863305091858,0.22379508288577196,96
monotone,5,0.0,unconstrained,5,2,200,0.0372759372031493,0.16067919880151743,0.1364701800048351,0.1860013231635093,0.17013802511307097,96
monotone,5,0.0,unconstrained,5,2,500,0.0372759372031493,0.12682491540908808,0.1150555573403835,0.145423986017704,0.1305461510783061,96
monotone,5,0.0,unconstrained,9,4,1,0.0372759372031493,0.7446528673171997,0.645181193947792,0.845604807138443,0.7376488900432984,96
monotone,5,0.0,unconstrained,9,4,2,0.0372759372031493,0.6165648400783539,0.5419468581676483,0.71525639295578,0.6286382290224234,96
monotone,5,0.0,unconstrained,9,4,5,0.0372759372031493,0.5372662544250488,0.47687859088182444,0.6276437789201736,0.546853587962687,96
monotone,5,0.0,unconstrained,9,4,10,0.0372759372031493,0.47132591903209686,0.39451836049556727,0.5479364395141602,0.47446874373902875,96
monotone,5,0.0,unconstrained,9,4,20,0.0372759372031493,0.3649120330810547,0.3182365670800209,0.45125426352024073,0.3812596762242417,96
monotone,5,0.0,unconstrained,9,4,50,0.0372759372031493,0.2505713701248169,0.20911302044987673,0.318864107131958,0.2644997951574623,96
monotone,5,0.0,unconstrained,9,4,100,0.0372759372031493,0.17266507446765894,0.1515283584594726,0.21476037427783004,0.18359825046112135,96
monotone,5,0.0,unconstrained,9,4,200,0.0372759372031493,0.12668021023273465,0.11185232736170288,0.14214377850294113,0.13251374211783207,96
monotone,5,0.0,unconstrained,9,4,500,0.0138949549437313,0.09902720153331754,0.0861804392188787,0.11632028035819525,0.1017639766214415,96
monotone,5,0.0,unconstrained,15,7,1,0.0372759372031493,0.6517896056175232,0.5919149667024612,0.7237697690725327,0.6571707191566626,96
monotone,5,0.0,unconstrained,15,7,2,0.0372759372031493,0.5934038162231445,0.5293893814086914,0.6686989516019821,0.5978931275506815,96
monotone,5,0.0,unconstrained,15,7,5,0.0372759372031493,0.4875860810279846,0.42500682920217514,0.5517268180847168,0.49485599466909963,96
monotone,5,0.0,unconstrained,15,7,10,0.0138949549437313,0.4231535494327545,0.37174665182828903,0.5007886588573456,0.4341261408602198,96
monotone,5,0.0,unconstrained,15,7,20,0.0138949549437313,0.33053742349147797,0.2849877253174781,0.4049874395132064,0.3414269344260295,96
monotone,5,0.0,unconstrained,15,7,50,0.0138949549437313,0.21948397159576416,0.1795451380312442,0.2708141803741455,0.22658606742819146,96
monotone,5,0.0,unconstrained,15,7,100,0.0138949549437313,0.15630094707012177,0.128819141536951,0.17985412850975985,0.15711204536880052,96
monotone,5,0.0,unconstrained,15,7,200,0.0138949549437313,0.10829464346170425,0.09442111663520333,0.12236607074737547,0.10992880549747493,96
monotone,5,0.0,unconstrained,15,7,500,0.0138949549437313,0.0846437476575374,0.0702351853251457,0.09493859484791747,0.08599707887818413,96
monotone,5,0.1,monotone,5,2,1,0.1,0.7212575078010559,0.6229250431060791,0.8528501391410828,0.741492864365379,96
monotone,5,0.1,monotone,5,2,2,0.1,0.6374460160732269,0.5564511567354202,0.7563429772853851,0.6494225291535258,96
monotone,5,0.1,monotone,5,2,5,0.1,0.5340165197849274,0.47132548689842224,0.6260287314653397,0.5441582289834818,96
monotone,5,0.1,monotone,5,2,10,0.1,0.44122791290283203,0.3755732849240303,0.5233495086431503,0.4517570002935827,96
monotone,5,0.1,monotone,5,2,20,0.1,0.3604377955198288,0.31634606420993805,0.42652062326669693,0.3772791229809324,96
monotone,5,0.1,monotone,5,2,50,0.1,0.27208937704563135,0.24134212732315063,0.31714008003473276,0.2822597933312257,96
monotone,5,0.1,monotone,5,2,100,0.1,0.21240530908107755,0.19215283542871475,0.24236135184764862,0.22077704810847834,96
monotone,5,0.1,monotone,5,2,200,0.1,0.1854951754212379,0.1547818854451179,0.20468156784772865,0.18780240028475717,96
monotone,5,0.1,monotone,5,2,500,0.0372759372031493,0.13831929117441175,0.12073574587702746,0.15684958547353742,0.14219810642922914,96
monotone,5,0.1,monotone,9,4,1,0.1,0.7796631753444672,0.6796305775642395,0.9005095213651657,0.8015755712985992,96
monotone,5,0.1,monotone,9,4,2,0.1,0.6687510907649994,0.5682210028171539,0.7788572162389755,0.6897965728615721,96
monotone,5,0.1,monotone,9,4,5,0.1,0.5443280041217804,0.45436748117208475,0.6184836030006409,0.5475523465623459,96
monotone,5,0.1,monotone,9,4,10,0.1,0.4242159277200699,0.36053697764873505,0.5054467171430588,0.4339620399599274,96
monotone,5,0.1,monotone,9,4,20,0.1,0.32995681464672083,0.2964746877551078,0.41106363385915756,0.3513679266907275,96
monotone,5,0.1,monotone,9,4,50,0.1,0.263770267367363,0.2281323671340942,0.2972183749079704,0.27292175016676384,96
monotone,5,0.1,monotone,9,4,100,0.1,0.20332781970500946,0.17051829397678372,0.24154621362686154,0.21188730645614362,96
monotone,5,0.1,monotone,9,4,200,0.0372759372031493,0.1559795960783958,0.13262122124433515,0.18136648833751678,0.1637156783447911,96
monotone,5,0.1,monotone,9,4,500,0.0372759372031493,0.11189199239015575,0.10252515599131583,0.1380108892917633,0.12078364977302647,96
monotone,5,0.1,monotone,15,7,1,0.1,0.7834015190601349,0.6943788975477219,0.9041185826063156,0.7996645489086708,96
monotone,5,0.1,monotone,15,7,2,0.1,0.7131368815898895,0.608550176024437,0.8112419992685318,0.7120794641474882,96
monotone,5,0.1,monotone,15,7,5,0.1,0.5544567108154297,0.4742971360683441,0.6501141488552094,0.5661779179548224,96
monotone,5,0.1,monotone,15,7,10,0.1,0.43547557294368744,0.38775860518217087,0.4869947806000709,0.44200320572902757,96
monotone,5,0.1,monotone,15,7,20,0.1,0.34448251128196716,0.3086510524153709,0.4068067893385887,0.3565914120214681,96
monotone,5,0.1,monotone,15,7,50,0.0372759372031493,0.25563228130340576,0.2307635731995105,0.29743093252182007,0.2684218340242902,96
monotone,5,0.1,monotone,15,7,100,0.0372759372031493,0.19555853307247162,0.16618420183658597,0.2260181456804275,0.20241167241086558,96
monotone,5,0.1,monotone,15,7,200,0.0372759372031493,0.1413315013051033,0.12422906979918472,0.1684916540980339,0.15079702103200054,96
monotone,5,0.1,monotone,15,7,500,0.0138949549437313,0.1167288906872272,0.0999772977083921,0.12571553140878677,0.11929328491290407,96
monotone,5,0.1,unconstrained,5,2,1,0.1,0.7952339053153992,0.6789336055517197,0.8754805773496628,0.7815620036174854,96
monotone,5,0.1,unconstrained,5,2,2,0.1,0.672525942325592,0.5542550384998322,0.7605890035629272,0.6661883654693762,96
monotone,5,0.1,unconstrained,5,2,5,0.1,0.5633849501609802,0.49488657712936396,0.6774287074804306,0.5801896369084716,96
monotone,5,0.1,unconstrained,5,2,10,0.1,0.49936528503894806,0.4181615635752678,0.5930775105953217,0.5055885513623556,96
monotone,5,0.1,unconstrained,5,2,20,0.1,0.4114914536476135,0.3499058559536934,0.4986163154244423,0.4272587029263377,96
monotone,5,0.1,unconstrained,5,2,50,0.1,0.31351587176322937,0.25138818472623825,0.37569148838520044,0.3237524799381693,96
monotone,5,0.1,unconstrained,5,2,100,0.1,0.20921178162097925,0.17999970167875287,0.25576058775186533,0.22916805821781353,96
monotone,5,0.1,unconstrained,5,2,200,0.0372759372031493,0.1755591481924057,0.1459473818540573,0.2064891010522842,0.18420042066524422,96
monotone,5,0.1,unconstrained,5,2,500,0.0372759372031493,0.13935271650552744,0.12095177732408041,0.1510509960353374,0.14017546603766576,96
monotone,5,0.1,unconstrained,9,4,1,0.0372759372031493,0.742673248052597,0.643265575170517,0.8423756211996078,0.735854427019755,96
monotone,5,0.1,unconstrained,9,4,2,0.0372759372031493,0.6212729811668396,0.5387468487024307,0.7161755263805389,0.6296969077860316,96
monotone,5,0.1,unconstrained,9,4,5,0.0372759372031493,0.5572481155395508,0.46332211047410965,0.6346904784440994,0.5505466995139917,96
monotone,5,0.1,unconstrained,9,4,10,0.0372759372031493,0.45277850329875946,0.38246541470289225,0.5211427062749863,0.456201515160501,96
monotone,5,0.1,unconstrained,9,4,20,0.0372759372031493,0.36820448935031885,0.31368688493967056,0.4487718194723129,0.3841246971860528,96
monotone,5,0.1,unconstrained,9,4,50,0.0372759372031493,0.24630691111087794,0.20975384861230847,0.30577232688665384,0.2640748382546007,96
monotone,5,0.1,unconstrained,9,4,100,0.0372759372031493,0.18131759762763974,0.1550387479364872,0.20578166469931597,0.18797963446316615,96
monotone,5,0.1,unconstrained,9,4,200,0.0372759372031493,0.1468149647116661,0.1286502517759799,0.16938311234116551,0.1517336594406515,96
monotone,5,0.1,unconstrained,9,4,500,0.0138949549437313,0.10584805533289905,0.09793343767523757,0.1194269191473722,0.10961268314470844,96
monotone,5,0.1,unconstrained,15,7,1,0.0372759372031493,0.6447313725948334,0.5926719158887863,0.7228173762559891,0.6564817810431123,96
monotone,5,0.1,unconstrained,15,7,2,0.0372759372031493,0.572444349527359,0.5026852190494537,0.6381617784500122,0.5708075889075795,96
monotone,5,0.1,unconstrained,15,7,5,0.0138949549437313,0.4961868673563003,0.4576904028654098,0.5832499861717224,0.5160117081056038,96
monotone,5,0.1,unconstrained,15,7,10,0.0372759372031493,0.38738900423049927,0.33600288629531855,0.44986660778522486,0.3978667786965768,96
monotone,5,0.1,unconstrained,15,7,20,0.0372759372031493,0.32633233070373535,0.28666145354509354,0.3716372996568679,0.33411312646542984,96
monotone,5,0.1,unconstrained,15,7,50,0.0138949549437313,0.2246049419045448,0.18961215764284128,0.2611289247870445,0.2284347107633948,96
monotone,5,0.1,unconstrained,15,7,100,0.0138949549437313,0.15964949876070014,0.14008226245641708,0.18671432510018343,0.16498343173104024,96
monotone,5,0.1,unconstrained,15,7,200,0.0138949549437313,0.1305276751518249,0.1119079906493425,0.1428656056523323,0.13195450960968927,96
monotone,5,0.1,unconstrained,15,7,500,0.0051794746792312,0.09807558357715604,0.08687222003936759,0.10976629145443433,0.10023102505753434,96
monotone,9,0.0,monotone,5,2,1,0.1,0.7498993277549744,0.6329426467418671,0.8082374930381775,0.7344327873239914,96
monotone,9,0.0,monotone,5,2,2,0.1,0.6571895480155945,0.5523468255996704,0.7175522744655609,0.6576227924476067,96
monotone,9,0.0,monotone,5,2,5,0.1,0.5849689543247223,0.499873474240303,0.659770742058754,0.583365760743618,96
monotone,9,0.0,monotone,5,2,10,0.1,0.531482458114624,0.4577320739626884,0.611683264374733,0.5377308387930194,96
monotone,9,0.0,monotone,5,2,20,0.1,0.4932212829589844,0.42455791682004923,0.5475441366434097,0.48853236840416986,96
monotone,9,0.0,monotone,5,2,50,0.1,0.4307197481393814,0.3770152553915977,0.4834187477827072,0.4304032288491726,96
monotone,9,0.0,monotone,5,2,100,0.1,0.39425224065780634,0.3156194612383842,0.43618542701005936,0.3809290484835704,96
monotone,9,0.0,monotone,5,2,200,0.1,0.343445748090744,0.2827251851558685,0.3931168764829635,0.3414424358246227,96
monotone,9,0.0,monotone,5,2,500,0.1,0.28569264709949493,0.2371253594756126,0.33607266843318934,0.2933496742819746,96
monotone,9,0.0,monotone,9,4,1,0.0372759372031493,0.7515006065368652,0.6155540943145752,0.8322981148958206,0.7470136868456999,96
monotone,9,0.0,monotone,9,4,2,0.1,0.7011367678642273,0.5806133598089218,0.7637200355529785,0.6829370151584347,96
monotone,9,0.0,monotone,9,4,5,0.1,0.5838783979415894,0.48075035214424133,0.6588821560144424,0.5824883474657933,96
monotone,9,0.0,monotone,9,4,10,0.1,0.5027977526187897,0.44194027036428446,0.5656519532203674,0.504411268979311,96
monotone,9,0.0,monotone,9,4,20,0.1,0.4720377027988434,0.393185980618,0.5334495007991791,0.4640634696309765,96
monotone,9,0.0,monotone,9,4,50,0.1,0.38539639115333557,0.3309236839413643,0.4512476176023483,0.39123284506301087,96
monotone,9,0.0,monotone,9,4,100,0.0372759372031493,0.3438556343317032,0.29251862317323685,0.4023001790046692,0.35193644324317575,96
monotone,9,0.0,monotone,9,4,200,0.1,0.27118153870105743,0.2402985394001007,0.31702759861946106,0.2804562492916981,96
monotone,9,0.0,monotone,9,4,500,0.0372759372031493,0.20064911246299738,0.18021526932716367,0.22934395819902417,0.20596632827073333,96
monotone,9,0.0,monotone,15,7,1,0.1,0.7786852717399597,0.6446513831615448,0.8470738381147385,0.7677698601037264,96
monotone,9,0.0,monotone,15,7,2,0.1,0.715527355670929,0.6119173318147659,0.7959090918302536,0.7078112543871006,96
monotone,9,0.0,monotone,15,7,5,0.1,0.5938780009746552,0.5291068702936172,0.6688898354768753,0.6019605078424016,96
monotone,9,0.0,monotone,15,7,10,0.1,0.5074756741523743,0.4458490461111069,0.5813316255807877,0.5149111716697613,96
monotone,9,0.0,monotone,15,7,20,0.1,0.46129800379276276,0.41764513403177256,0.522652193903923,0.46201136490950984,96
monotone,9,0.0,monotone,15,7,50,0.0372759372031493,0.38995648920536036,0.3378124460577964,0.45718781650066376,0.39069079390416545,96
monotone,9,0.0,monotone,15,7,100,0.0372759372031493,0.316695287823677,0.2841983810067177,0.38845541328191757,0.3300112765282392,96
monotone,9,0.0,monotone,15,7,200,0.0372759372031493,0.26433026790618896,0.22730402275919914,0.3154146671295166,0.27449329088752467,96
monotone,9,0.0,monotone,15,7,500,0.0372759372031493,0.1899544224143028,0.17020898684859273,0.2169302143156528,0.19618154976827398,96
monotone,9,0.0,unconstrained,5,2,1,0.1,0.8051810264587402,0.7031471729278564,0.8545739203691483,0.7998513650769988,96
monotone,9,0.0,unconstrained,5,2,2,0.1,0.7046455442905426,0.6007611006498337,0.7730164974927902,0.6968245021998882,96
monotone,9,0.0,unconstrained,5,2,5,0.1,0.6374289393424988,0.5565494000911713,0.7126627415418625,0.6407955850784978,96
monotone,9,0.0,unconstrained,5,2,10,0.0372759372031493,0.5918472707271576,0.5002571865916252,0.6622108221054077,0.5889010028913617,96
monotone,9,0.0,unconstrained,5,2,20,0.0372759372031493,0.5464193224906921,0.47159720957279205,0.6384623348712921,0.5524713493262728,96
monotone,9,0.0,unconstrained,5,2,50,0.0372759372031493,0.4867253452539444,0.41712896525859827,0.5769749879837036,0.4951256966839234,96
monotone,9,0.0,unconstrained,5,2,100,0.1,0.4219104051589966,0.3647505864500999,0.486273929476738,0.4306333328907688,96
monotone,9,0.0,unconstrained,5,2,200,0.1,0.38238607347011566,0.3174169212579727,0.4439421594142914,0.38650067957739037,96
monotone,9,0.0,unconstrained,5,2,500,0.0372759372031493,0.3021717965602875,0.25402286648750305,0.3482368215918541,0.30759545260419446,96
monotone,9,0.0,unconstrained,9,4,1,0.0372759372031493,0.8081090152263641,0.7055895626544952,0.8771656900644302,0.7872227914631367,96
monotone,9,0.0,unconstrained,9,4,2,0.0372759372031493,0.6631860733032227,0.6027770638465881,0.7485402077436447,0.6783000187327465,96
monotone,9,0.0,unconstrained,9,4,5,0.0372759372031493,0.6153927445411682,0.5518799275159836,0.6725867092609406,0.6178581416606903,96
monotone,9,0.0,unconstrained,9,4,10,0.0372759372031493,0.5869167745113373,0.49607326090335846,0.6444149315357208,0.5783504555001855,96
monotone,9,0.0,unconstrained,9,4,20,0.0372759372031493,0.5284537971019745,0.4564899280667305,0.5872777253389359,0.5247000257174174,96
monotone,9,0.0,unconstrained,9,4,50,0.0372759372031493,0.4704217314720153,0.39249125868082047,0.5296429395675659,0.46498403170456487,96
monotone,9,0.0,unconstrained,9,4,100,0.0372759372031493,0.4030468910932541,0.33701986819505686,0.4648568704724312,0.4042710359208286,96
monotone,9,0.0,unconstrained,9,4,200,0.0372759372031493,0.3334490656852722,0.28272495418786997,0.40975897759199137,0.34282723736638826,96
monotone,9,0.0,unconstrained,9,4,500,0.0372759372031493,0.22887411713600156,0.1959402412176132,0.26894982159137726,0.23603115649893877,96
monotone,9,0.0,unconstrained,15,7,1,0.0372759372031493,0.7132677435874939,0.6500150561332703,0.7876927256584167,0.718450707073013,96
monotone,9,0.0,unconstrained,15,7,2,0.0372759372031493,0.6734288334846497,0.6013225466012955,0.7469522953033447,0.6716242392236987,96
monotone,9,0.0,unconstrained,15,7,5,0.0372759372031493,0.5960773825645447,0.5281945168972015,0.65538389980793,0.5950859744722644,96
monotone,9,0.0,unconstrained,15,7,10,0.0138949549437313,0.5441651940345764,0.4837252721190452,0.5988027155399323,0.5421226614465317,96
monotone,9,0.0,unconstrained,15,7,20,0.0372759372031493,0.4956199824810028,0.44363711774349207,0.5655273646116257,0.5017979148154458,96
monotone,9,0.0,unconstrained,15,7,50,0.0372759372031493,0.41872869431972504,0.3484488278627395,0.5030308663845062,0.4312556969622771,96
monotone,9,0.0,unconstrained,15,7,100,0.0138949549437313,0.3619198203086853,0.3038815110921859,0.42072083055973053,0.36391852345938486,96
monotone,9,0.0,unconstrained,15,7,200,0.0138949549437313,0.30170693993568415,0.25715090334415436,0.3720179349184036,0.3103268072009086,96
monotone,9,0.0,unconstrained,15,7,500,0.0138949549437313,0.1977135390043258,0.17545133084058756,0.23002406954765317,0.20514082155811286,96
monotone,9,0.1,monotone,5,2,1,0.1,0.7454960346221924,0.6329426467418671,0.808000460267067,0.7288014062990745,96
monotone,9,0.1,monotone,5,2,2,0.1,0.6631528437137604,0.5474404394626617,0.7364477217197418,0.6539096813648939,96
monotone,9,0.1,monotone,5,2,5,0.1,0.5780263245105743,0.506336972117424,0.647392988204956,0.5804932458947102,96
monotone,9,0.1,monotone,5,2,10,0.1,0.5237470269203186,0.4503605812788009,0.589502140879631,0.5294584427028894,96
monotone,9,0.1,monotone,5,2,20,0.1,0.4788079410791397,0.4115080684423446,0.5460990220308304,0.4811510080471635,96
monotone,9,0.1,monotone,5,2,50,0.1,0.4395381510257721,0.3678835332393646,0.4833143129944801,0.4284122120589018,96
monotone,9,0.1,monotone,5,2,100,0.1,0.39598287642002106,0.33090163767337794,0.43327049911022186,0.38324605363110703,96
monotone,9,0.1,monotone,5,2,200,0.1,0.33610527217388153,0.29031488299369806,0.3833439126610756,0.3376840885418157,96
monotone,9,0.1,monotone,5,2,500,0.0372759372031493,0.2860801517963409,0.25682189315557474,0.32587870210409164,0.29504251914719737,96
monotone,9,0.1,monotone,9,4,1,0.0372759372031493,0.7532182037830353,0.6207819879055023,0.8353815376758575,0.7477315229674181,96
monotone,9,0.1,monotone,9,4,2,0.1,0.6878364980220795,0.5814963728189468,0.7589384466409683,0.6809295931210121,96
monotone,9,0.1,monotone,9,4,5,0.1,0.5799613296985626,0.4738063514232635,0.6488746106624603,0.5718827306603392,96
monotone,9,0.1,monotone,9,4,10,0.1,0.5156095027923584,0.4364315718412399,0.6051440387964249,0.5202457653358579,96
monotone,9,0.1,monotone,9,4,20,0.1,0.4684051424264908,0.3985208719968796,0.517453595995903,0.4596724659204483,96
monotone,9,0.1,monotone,9,4,50,0.1,0.3991020768880844,0.3454532027244568,0.4553416594862938,0.3979363388692339,96
monotone,9,0.1,monotone,9,4,100,0.1,0.3497683107852936,0.2856004387140274,0.3976942300796509,0.3460881595189373,96
monotone,9,0.1,monotone,9,4,200,0.0372759372031493,0.28433758020401,0.25788616389036173,0.3414323925971985,0.29774917103350157,96
monotone,9,0.1,monotone,9,4,500,0.0372759372031493,0.21572881191968915,0.19521915912628168,0.2472172193229198,0.22581466039021805,96
monotone,9,0.1,monotone,15,7,1,0.1,0.7717716693878174,0.6456237286329269,0.8518053293228149,0.7671313248574734,96
monotone,9,0.1,monotone,15,7,2,0.0372759372031493,0.7413543462753296,0.6048369258642197,0.8108971118927002,0.7255499723056952,96
monotone,9,0.1,monotone,15,7,5,0.1,0.6080185770988464,0.5143632143735886,0.675079345703125,0.6056658380354444,96
monotone,9,0.1,monotone,15,7,10,0.1,0.5319456160068512,0.46310853213071823,0.5952686220407486,0.534384292550385,96
monotone,9,0.1,monotone,15,7,20,0.0372759372031493,0.46937084197998047,0.36945307254791254,0.5166396498680115,0.4539935067296028,96
monotone,9,0.1,monotone,15,7,50,0.0372759372031493,0.3802325427532196,0.3312553837895393,0.44600901007652277,0.390053841440628,96
monotone,9,0.1,monotone,15,7,100,0.1,0.331789031624794,0.2922505885362625,0.40936339646577835,0.3482428399535517,96
monotone,9,0.1,monotone,15,7,200,0.0372759372031493,0.26802103221416473,0.23140068352222437,0.29695941507816315,0.2717073831396798,96
monotone,9,0.1,monotone,15,7,500,0.0372759372031493,0.19830011576414106,0.17876307293772692,0.22865940630435938,0.20654050074517724,96
monotone,9,0.1,unconstrained,5,2,1,0.1,0.8055068254470825,0.7029496878385544,0.8662145733833313,0.7998443003743887,96
monotone,9,0.1,unconstrained,5,2,2,0.1,0.7015741467475891,0.6254581063985825,0.7433248311281204,0.7006329807142416,96
monotone,9,0.1,unconstrained,5,2,5,0.0372759372031493,0.6333273351192474,0.5669058710336685,0.6987140029668808,0.637743892458578,96
monotone,9,0.1,unconstrained,5,2,10,0.0372759372031493,0.5947187542915344,0.5201880633831024,0.6631515473127365,0.591448301759859,96
monotone,9,0.1,unconstrained,5,2,20,0.0372759372031493,0.5638259053230286,0.47386020421981806,0.625889852643013,0.5571249825879931,96
monotone,9,0.1,unconstrained,5,2,50,0.1,0.4949444383382797,0.4299066439270973,0.5568709820508957,0.49782154398659867,96
monotone,9,0.1,unconstrained,5,2,100,0.1,0.42910522222518915,0.3589750751852989,0.46505600214004517,0.42804463021457195,96
monotone,9,0.1,unconstrained,5,2,200,0.1,0.3631362169981003,0.32294742017984385,0.4255556017160415,0.37452569246913,96
monotone,9,0.1,unconstrained,5,2,500,0.0372759372031493,0.3090573698282242,0.26545643806457514,0.35856962949037546,0.3162775472737848,96
monotone,9,0.1,unconstrained,9,4,1,0.0372759372031493,0.8057039678096771,0.7078234106302261,0.8728639185428619,0.7869844399392605,96
monotone,9,0.1,unconstrained,9,4,2,0.0372759372031493,0.6632321774959564,0.610448494553566,0.7508465349674225,0.6787694928546747,96
monotone,9,0.1,unconstrained,9,4,5,0.0138949549437313,0.6255106925964355,0.5636979192495346,0.7035784721374512,0.63279045963039,96
monotone,9,0.1,unconstrained,9,4,10,0.0372759372031493,0.57921501994133,0.5104496628046036,0.6390809416770935,0.575014258424441,96
monotone,9,0.1,unconstrained,9,4,20,0.0372759372031493,0.537564605474472,0.45034404098987574,0.591323509812355,0.5261195345471302,96
monotone,9,0.1,unconstrained,9,4,50,0.0372759372031493,0.47269049286842346,0.3919107168912887,0.534955695271492,0.46133111882954836,96
monotone,9,0.1,unconstrained,9,4,100,0.0372759372031493,0.413467988371849,0.32729020714759827,0.46389396488666534,0.40435881866142154,96
monotone,9,0.1,unconstrained,9,4,200,0.0372759372031493,0.3352804034948349,0.28018044680356974,0.3879041895270347,0.3371384618803859,96
monotone,9,0.1,unconstrained,9,4,500,0.0372759372031493,0.2503800466656685,0.21393541991710663,0.2805086448788643,0.2585996085156997,96
monotone,9,0.1,unconstrained,15,7,1,0.0372759372031493,0.7127987742424011,0.6551570892333984,0.7831269651651382,0.7170017513756951,96
monotone,9,0.1,unconstrained,15,7,2,0.0372759372031493,0.6600689589977264,0.5833042412996292,0.7215641140937805,0.6587689826264977,96
monotone,9,0.1,unconstrained,15,7,5,0.0372759372031493,0.5878192186355591,0.5250988155603409,0.6629778742790222,0.5961106298491359,96
monotone,9,0.1,unconstrained,15,7,10,0.0372759372031493,0.5303259789943695,0.4797138944268226,0.6131024956703186,0.5422148347521821,96
monotone,9,0.1,unconstrained,15,7,20,0.0138949549437313,0.4844444692134857,0.42544241249561304,0.5537605881690979,0.4877197987710436,96
monotone,9,0.1,unconstrained,15,7,50,0.0138949549437313,0.4249688684940338,0.3488956391811371,0.4835598543286323,0.4204251719638705,96
monotone,9,0.1,unconstrained,15,7,100,0.0138949549437313,0.3626489192247391,0.307794764637947,0.4351032972335815,0.3693501049031814,96
monotone,9,0.1,unconstrained,15,7,200,0.0138949549437313,0.29489049315452576,0.2512577325105667,0.3617299273610115,0.3063396938766042,96
monotone,9,0.1,unconstrained,15,7,500,0.0138949549437313,0.2194404080510139,0.18845319747924805,0.2517124935984611,0.22115964209660885,96
monotone,13,0.0,monotone,5,2,1,0.1,0.6302153170108795,0.5829744189977646,0.6810756176710129,0.6427303220455846,96
monotone,13,0.0,monotone,5,2,2,0.1,0.5831869840621948,0.5388584583997726,0.6301679164171219,0.5895663745080432,96
monotone,13,0.0,monotone,5,2,5,0.1,0.5443406701087952,0.5080497711896896,0.5870125591754913,0.5482472774262229,96
monotone,13,0.0,monotone,5,2,10,0.1,0.5163996815681458,0.47760467231273646,0.5553779602050781,0.5167194201300541,96
monotone,13,0.0,monotone,5,2,20,0.1,0.48731315135955805,0.4554119780659675,0.5326985120773315,0.4916790500283241,96
monotone,13,0.0,monotone,5,2,50,0.1,0.4470290839672088,0.4147182106971741,0.4758558496832847,0.45284809079021215,96
monotone,13,0.0,monotone,5,2,100,0.1,0.40672142803668976,0.36427706480026245,0.4498943760991096,0.4101788739984234,96
monotone,13,0.0,monotone,5,2,200,0.1,0.3791681379079819,0.34171393513679504,0.42598758637905115,0.38451023896535236,96
monotone,13,0.0,monotone,5,2,500,0.0372759372031493,0.3513395488262176,0.29943621158599854,0.3817081674933433,0.34593609798078734,96
monotone,13,0.0,monotone,9,4,1,0.0372759372031493,0.6608039736747742,0.6027660667896271,0.709378570318222,0.6604883577674627,96
monotone,13,0.0,monotone,9,4,2,0.1,0.6123200058937073,0.5669254660606384,0.662834882736206,0.6104809126506249,96
monotone,13,0.0,monotone,9,4,5,0.1,0.5486243665218353,0.48740328103303904,0.5890484005212784,0.5465239025652409,96
monotone,13,0.0,monotone,9,4,10,0.1,0.49955524504184723,0.466425359249115,0.5450597554445267,0.5043720602989197,96
monotone,13,0.0,monotone,9,4,20,0.1,0.4743627160787582,0.4385647401213646,0.5213082432746887,0.4770037205889821,96
monotone,13,0.0,monotone,9,4,50,0.1,0.42963868379592896,0.3940315768122673,0.4716005474328995,0.4344405895099044,96
monotone,13,0.0,monotone,9,4,100,0.1,0.37977385520935053,0.33054162561893463,0.42907040566205973,0.38368376313398284,96
monotone,13,0.0,monotone,9,4,200,0.0372759372031493,0.3487898111343384,0.29854388535022736,0.3838702738285064,0.3435380480562647,96
monotone,13,0.0,monotone,9,4,500,0.0372759372031493,0.2921221852302551,0.23682706803083414,0.34062985330820084,0.29069018953790265,96
monotone,13,0.0,monotone,15,7,1,0.0372759372031493,0.6759121119976044,0.6206024289131165,0.7225711494684219,0.6762999805311362,96
monotone,13,0.0,monotone,15,7,2,0.1,0.6085428297519684,0.5736727118492126,0.6730229556560516,0.6183834234252572,96
monotone,13,0.0,monotone,15,7,5,0.1,0.5584583580493927,0.51010462641716,0.605735719203949,0.5599697781726718,96
monotone,13,0.0,monotone,15,7,10,0.0372759372031493,0.4970351606607437,0.4531252533197403,0.5351240038871765,0.49455263558775187,96
monotone,13,0.0,monotone,15,7,20,0.0372759372031493,0.45931872725486755,0.42360997200012207,0.5051893889904022,0.4614434040461977,96
monotone,13,0.0,monotone,15,7,50,0.0372759372031493,0.4159338027238846,0.37692220509052277,0.4572551771998405,0.41699176623175543,96
monotone,13,0.0,monotone,15,7,100,0.0372759372031493,0.3737422972917557,0.31675817072391504,0.4124248772859573,0.36695801715056103,96
monotone,13,0.0,monotone,15,7,200,0.0372759372031493,0.3245573937892914,0.27488743513822556,0.363724984228611,0.32433251369123656,96
monotone,13,0.0,monotone,15,7,500,0.0372759372031493,0.2649671286344528,0.22230821847915647,0.32073539495468134,0.2721612122841179,96
monotone,13,0.0,unconstrained,5,2,1,0.1,0.7248217463493347,0.6743959486484528,0.8076467961072922,0.7378106011698643,96
monotone,13,0.0,unconstrained,5,2,2,0.1,0.6689074039459229,0.6152699589729309,0.7212955802679062,0.6681343189751109,96
monotone,13,0.0,unconstrained,5,2,5,0.0372759372031493,0.5867372155189514,0.5485883951187134,0.6453542411327362,0.5928475158289075,96
monotone,13,0.0,unconstrained,5,2,10,0.0372759372031493,0.5552240312099457,0.5091641545295715,0.5957987010478973,0.5541124474257231,96
monotone,13,0.0,unconstrained,5,2,20,0.0372759372031493,0.5303902626037598,0.479901947081089,0.5649365782737732,0.5256722470124563,96
monotone,13,0.0,unconstrained,5,2,50,0.0138949549437313,0.49540069699287415,0.45333419740200037,0.5420109033584595,0.496113036138316,96
monotone,13,0.0,unconstrained,5,2,100,0.0372759372031493,0.46291238069534296,0.4133752733469009,0.5164296478033066,0.4635528788591425,96
monotone,13,0.0,unconstrained,5,2,200,0.1,0.4175445288419723,0.37439834326505655,0.47378712147474283,0.4233711368093888,96
monotone,13,0.0,unconstrained,5,2,500,0.0372759372031493,0.36021697521209717,0.317386157810688,0.4004487171769142,0.3641828329612811,96
monotone,13,0.0,unconstrained,9,4,1,0.0372759372031493,0.7555349767208099,0.6913603842258453,0.8634021431207657,0.7726667753110329,96
monotone,13,0.0,unconstrained,9,4,2,0.0372759372031493,0.643941730260849,0.6010930985212326,0.6874627023935318,0.6514620743691921,96
monotone,13,0.0,unconstrained,9,4,5,0.0372759372031493,0.6016025841236115,0.5699370801448822,0.633637398481369,0.5994879249483347,96
monotone,13,0.0,unconstrained,9,4,10,0.0372759372031493,0.567524790763855,0.5231855511665344,0.6088699251413345,0.5628518561522166,96
monotone,13,0.0,unconstrained,9,4,20,0.0138949549437313,0.5202716886997223,0.47170722484588623,0.562419593334198,0.5166775503506263,96
monotone,13,0.0,unconstrained,9,4,50,0.0138949549437313,0.48311479389667505,0.43250228464603424,0.5135528743267059,0.4719907933225234,96
monotone,13,0.0,unconstrained,9,4,100,0.0372759372031493,0.43544062972068787,0.38322240859270096,0.4858003184199333,0.43596784708400566,96
monotone,13,0.0,unconstrained,9,4,200,0.0372759372031493,0.3912957012653351,0.34069085121154785,0.4528419002890587,0.3962778340404232,96
monotone,13,0.0,unconstrained,9,4,500,0.0372759372031493,0.3342795968055725,0.2814667895436287,0.37186142057180405,0.3304653338467081,96
monotone,13,0.0,unconstrained,15,7,1,0.0372759372031493,0.6945887804031372,0.663036048412323,0.7302395701408386,0.6955928752819697,96
monotone,13,0.0,unconstrained,15,7,2,0.0372759372031493,0.6594325304031372,0.6198254823684692,0.6979855895042419,0.6593346912413836,96
monotone,13,0.0,unconstrained,15,7,5,0.0372759372031493,0.5818119645118713,0.5437651574611664,0.635321319103241,0.5881835057710608,96
monotone,13,0.0,unconstrained,15,7,10,0.0138949549437313,0.5400245189666748,0.49078190326690674,0.5828498899936676,0.5375510131319364,96
monotone,13,0.0,unconstrained,15,7,20,0.0138949549437313,0.4950108528137207,0.4489913061261177,0.524087131023407,0.49055251323928434,96
monotone,13,0.0,unconstrained,15,7,50,0.0138949549437313,0.4461802542209625,0.3950923904776573,0.4897250011563301,0.44143190421164036,96
monotone,13,0.0,unconstrained,15,7,100,0.0138949549437313,0.4040029346942901,0.3599276840686798,0.44246393442153925,0.40246158248434466,96
monotone,13,0.0,unconstrained,15,7,200,0.0138949549437313,0.356125459074974,0.3108107000589371,0.4049009829759597,0.3605179004371166,96
monotone,13,0.0,unconstrained,15,7,500,0.0138949549437313,0.29063020646572113,0.24342099949717516,0.3340667933225631,0.29348703939467663,96
monotone,13,0.1,monotone,5,2,1,0.1,0.6287316381931305,0.5829744637012482,0.6750687062740326,0.6413297631467382,96
monotone,13,0.1,monotone,5,2,2,0.1,0.5830568969249725,0.5344944596290588,0.6224900335073471,0.588101559629043,96
monotone,13,0.1,monotone,5,2,5,0.1,0.5422154664993286,0.5051547437906265,0.593039944767952,0.5464078420773149,96
monotone,13,0.1,monotone,5,2,10,0.1,0.5251457095146179,0.48577431589365,0.5547052919864655,0.5228693385918936,96
monotone,13,0.1,monotone,5,2,20,0.1,0.48755329847335815,0.456043928861618,0.5206903666257858,0.4868473131209612,96
monotone,13,0.1,monotone,5,2,50,0.1,0.4400140792131424,0.4047890976071358,0.48916515707969666,0.4497476996233066,96
monotone,13,0.1,monotone,5,2,100,0.1,0.4036118686199188,0.37496329843997955,0.4525504112243652,0.4124267700438698,96
monotone,13,0.1,monotone,5,2,200,0.0372759372031493,0.38104403018951416,0.33825649321079254,0.416210651397705,0.38256627321243286,96
monotone,13,0.1,monotone,5,2,500,0.0372759372031493,0.35298374295234675,0.30701824277639383,0.38559339195489883,0.3486848763811092,96
monotone,13,0.1,monotone,9,4,1,0.0372759372031493,0.663237065076828,0.6011180728673935,0.7055867314338684,0.6601994118342797,96
monotone,13,0.1,monotone,9,4,2,0.1,0.6036048233509064,0.5661148577928543,0.6676472723484039,0.6134287680809697,96
monotone,13,0.1,monotone,9,4,5,0.1,0.5494643747806549,0.4957140311598778,0.5864939242601395,0.5455001701290408,96
monotone,13,0.1,monotone,9,4,10,0.1,0.5066992938518524,0.4702818468213081,0.554229274392128,0.5133323812236389,96
monotone,13,0.1,monotone,9,4,20,0.1,0.46590371429920197,0.43976061791181564,0.5071094781160355,0.4737047643090288,96
monotone,13,0.1,monotone,9,4,50,0.0372759372031493,0.4255044460296631,0.40441472828388214,0.46733392030000687,0.4322190235058467,96
monotone,13,0.1,monotone,9,4,100,0.1,0.38643632829189295,0.3480694144964218,0.43137298524379725,0.3869812471481661,96
monotone,13,0.1,monotone,9,4,200,0.0372759372031493,0.3494302779436111,0.30346474051475525,0.3892979845404625,0.3445529129045705,96
monotone,13,0.1,monotone,9,4,500,0.0372759372031493,0.2922665625810623,0.24321200326085088,0.3378304690122604,0.29500732570886606,96
monotone,13,0.1,monotone,15,7,1,0.1,0.6703034937381744,0.6137004196643829,0.7237714231014252,0.6686905836686492,96
monotone,13,0.1,monotone,15,7,2,0.1,0.6234322488307953,0.5884227454662323,0.6730512380599976,0.6284845458964506,96
monotone,13,0.1,monotone,15,7,5,0.1,0.5455135703086853,0.49659986048936844,0.59687739610672,0.5487135692189137,96
monotone,13,0.1,monotone,15,7,10,0.0372759372031493,0.49342136085033417,0.4522902444005012,0.5416746437549591,0.4994235731040438,96
monotone,13,0.1,monotone,15,7,20,0.0372759372031493,0.4537321329116821,0.41986771672964096,0.49132224917411804,0.4574693587298195,96
monotone,13,0.1,monotone,15,7,50,0.1,0.4114335775375366,0.3701859191060066,0.4594595581293106,0.4149134416754047,96
monotone,13,0.1,monotone,15,7,100,0.0372759372031493,0.3789930045604706,0.32769837975502014,0.4174178838729858,0.3756096043313543,96
monotone,13,0.1,monotone,15,7,200,0.0372759372031493,0.3241925984621048,0.2889169976115227,0.3831973299384117,0.3335033846087754,96
monotone,13,0.1,monotone,15,7,500,0.0372759372031493,0.2745361924171448,0.22890014946460718,0.32331229746341705,0.2824867335148155,96
monotone,13,0.1,unconstrained,5,2,1,0.1,0.7353774905204773,0.6743958592414856,0.8060748875141144,0.7405744654436907,96
monotone,13,0.1,unconstrained,5,2,2,0.1,0.6432592272758484,0.593718409538269,0.711069643497467,0.6587704410776496,96
monotone,13,0.1,unconstrained,5,2,5,0.0372759372031493,0.6002889573574066,0.5508957058191299,0.6467591524124146,0.5969899327804645,96
monotone,13,0.1,unconstrained,5,2,10,0.0372759372031493,0.5582764744758606,0.5127790719270706,0.5962499976158142,0.5576243164638678,96
monotone,13,0.1,unconstrained,5,2,20,0.0372759372031493,0.5298395156860352,0.4935584217309952,0.5630948394536972,0.5307524673019847,96
monotone,13,0.1,unconstrained,5,2,50,0.0138949549437313,0.5045680105686188,0.45681504160165787,0.5418896228075027,0.49802059462914866,96
monotone,13,0.1,unconstrained,5,2,100,0.0372759372031493,0.4696928709745407,0.42261870205402374,0.5188011974096298,0.46745897239694995,96
monotone,13,0.1,unconstrained,5,2,200,0.1,0.42018863558769226,0.3852119445800781,0.47666276246309275,0.4336953768506646,96
monotone,13,0.1,unconstrained,5,2,500,0.0372759372031493,0.36791630089282984,0.3258835598826408,0.41730192303657526,0.37439394804338616,96
monotone,13,0.1,unconstrained,9,4,1,0.0372759372031493,0.7565850019454956,0.6902144551277161,0.8603855669498444,0.7720031825204691,96
monotone,13,0.1,unconstrained,9,4,2,0.0372759372031493,0.6486279964447021,0.6037505567073822,0.6973955780267715,0.6538308607414365,96
monotone,13,0.1,unconstrained,9,4,5,0.0138949549437313,0.6045595705509186,0.5672350525856018,0.6576456874608994,0.6140185389667749,96
monotone,13,0.1,unconstrained,9,4,10,0.0138949549437313,0.5680694282054901,0.5216568410396576,0.6102195382118225,0.567416106040279,96
monotone,13,0.1,unconstrained,9,4,20,0.0138949549437313,0.5170475542545319,0.47550453990697855,0.5513100326061249,0.5133445328101516,96
monotone,13,0.1,unconstrained,9,4,50,0.0138949549437313,0.4841040223836899,0.43200355023145676,0.5102017819881439,0.47142782465865213,96
monotone,13,0.1,unconstrained,9,4,100,0.0372759372031493,0.44475989043712616,0.38841201364994044,0.4908975884318351,0.447363268584013,96
monotone,13,0.1,unconstrained,9,4,200,0.0372759372031493,0.3879214823246002,0.3528906404972076,0.4477674216032028,0.3970561133076747,96
monotone,13,0.1,unconstrained,9,4,500,0.0372759372031493,0.3345788121223449,0.27599790692329407,0.38001991063356394,0.33434516998628777,96
monotone,13,0.1,unconstrained,15,7,1,0.0372759372031493,0.6957022845745087,0.6624654084444046,0.7300295382738113,0.6942926136155924,96
monotone,13,0.1,unconstrained,15,7,2,0.0372759372031493,0.6267198920249939,0.5889354199171066,0.6777970343828201,0.6330227119227251,96
monotone,13,0.1,unconstrained,15,7,5,0.0372759372031493,0.5860023200511932,0.5469937175512314,0.6254889070987701,0.5852747357760867,96
monotone,13,0.1,unconstrained,15,7,10,0.0138949549437313,0.5426996052265167,0.49755480885505676,0.576490968465805,0.5391524331644177,96
monotone,13,0.1,unconstrained,15,7,20,0.0138949549437313,0.49838003516197205,0.4544785991311073,0.5310922116041183,0.493456016605099,96
monotone,13,0.1,unconstrained,15,7,50,0.0138949549437313,0.4491054862737655,0.41251166164875025,0.4831918179988861,0.4435711018741131,96
monotone,13,0.1,unconstrained,15,7,100,0.0138949549437313,0.4152979552745819,0.3622960150241851,0.4499109461903572,0.4081341587007046,96
monotone,13,0.1,unconstrained,15,7,200,0.0138949549437313,0.36414492130279535,0.3168134465813636,0.40409762412309647,0.3652714144748946,96
monotone,13,0.1,unconstrained,15,7,500,0.0138949549437313,0.29780524969100947,0.24489904195070258,0.34315255284309387,0.29967293298492825,96
