protocol,optimizer,phase,train_size,data_seed,model,dim,width,num_parameters,lr,init_seed,val_logloss,test_logloss,test_brier
one_pass,adam,tuning,4194304,0,linear,0,0,29,0.001,0,0.6389582922058106,,
one_pass,adam,tuning,4194304,0,linear,0,0,29,0.001,1,0.6422045986328125,,
one_pass,adam,tuning,4194304,0,linear,0,0,29,0.01,0,0.6375611692199707,,
one_pass,adam,tuning,4194304,0,linear,0,0,29,0.01,1,0.6375482556457519,,
one_pass,adam,tuning,4194304,0,linear,0,0,29,0.1,0,0.6416706275634766,,
one_pass,adam,tuning,4194304,0,linear,0,0,29,0.1,1,0.6416824114379883,,
one_pass,adam,tuning,4194304,0,mlp-1,3,6,181,0.001,0,0.6018035252380372,,
one_pass,adam,tuning,4194304,0,mlp-1,3,6,181,0.001,1,0.6094346870117188,,
one_pass,adam,tuning,4194304,0,mlp-1,3,6,181,0.01,0,0.5803030126037597,,
one_pass,adam,tuning,4194304,0,mlp-1,3,6,181,0.01,1,0.5797730981140137,,
one_pass,adam,tuning,4194304,0,mlp-1,3,6,181,0.1,0,0.5829592462158203,,
one_pass,adam,tuning,4194304,0,mlp-1,3,6,181,0.1,1,0.5834929966430664,,
one_pass,adam,tuning,4194304,0,mlp-2,3,5,181,0.001,0,0.5891401706237793,,
one_pass,adam,tuning,4194304,0,mlp-2,3,5,181,0.001,1,0.5862748693847656,,
one_pass,adam,tuning,4194304,0,mlp-2,3,5,181,0.01,0,0.5709293472290039,,
one_pass,adam,tuning,4194304,0,mlp-2,3,5,181,0.01,1,0.5658492665405274,,
one_pass,adam,tuning,4194304,0,mlp-2,3,5,181,0.1,0,0.5831401484069825,,
one_pass,adam,tuning,4194304,0,mlp-2,3,5,181,0.1,1,0.5760415294799804,,
one_pass,adam,tuning,4194304,0,mlp-3,3,4,161,0.001,0,0.6142756001586914,,
one_pass,adam,tuning,4194304,0,mlp-3,3,4,161,0.001,1,0.5979718517456055,,
one_pass,adam,tuning,4194304,0,mlp-3,3,4,161,0.01,0,0.5844676703186035,,
one_pass,adam,tuning,4194304,0,mlp-3,3,4,161,0.01,1,0.5770277794799805,,
one_pass,adam,tuning,4194304,0,mlp-3,3,4,161,0.1,0,0.5980897095947265,,
one_pass,adam,tuning,4194304,0,mlp-3,3,4,161,0.1,1,0.6913221481323242,,
one_pass,adam,tuning,4194304,0,spectral,3,0,174,0.001,0,0.5973902950134278,,
one_pass,adam,tuning,4194304,0,spectral,3,0,174,0.001,1,0.6028363605957031,,
one_pass,adam,tuning,4194304,0,spectral,3,0,174,0.01,0,0.5725228618164062,,
one_pass,adam,tuning,4194304,0,spectral,3,0,174,0.01,1,0.5721847785949707,,
one_pass,adam,tuning,4194304,0,spectral,3,0,174,0.1,0,0.5795131966552735,,
one_pass,adam,tuning,4194304,0,spectral,3,0,174,0.1,1,0.5812312567749024,,
one_pass,adam,tuning,4194304,0,mlp-1,5,14,421,0.001,0,0.5845034812622071,,
one_pass,adam,tuning,4194304,0,mlp-1,5,14,421,0.001,1,0.5826453280639649,,
one_pass,adam,tuning,4194304,0,mlp-1,5,14,421,0.01,0,0.5574715096740722,,
one_pass,adam,tuning,4194304,0,mlp-1,5,14,421,0.01,1,0.5556119897460937,,
one_pass,adam,tuning,4194304,0,mlp-1,5,14,421,0.1,0,0.5579437901611328,,
one_pass,adam,tuning,4194304,0,mlp-1,5,14,421,0.1,1,0.5594580639953614,,
one_pass,adam,tuning,4194304,0,mlp-2,5,10,411,0.001,0,0.5775118047485351,,
one_pass,adam,tuning,4194304,0,mlp-2,5,10,411,0.001,1,0.5694476208496094,,
one_pass,adam,tuning,4194304,0,mlp-2,5,10,411,0.01,0,0.5509188527832031,,
one_pass,adam,tuning,4194304,0,mlp-2,5,10,411,0.01,1,0.5492146749572754,,
one_pass,adam,tuning,4194304,0,mlp-2,5,10,411,0.1,0,0.5512400370483398,,
one_pass,adam,tuning,4194304,0,mlp-2,5,10,411,0.1,1,0.5563560959167481,,
one_pass,adam,tuning,4194304,0,mlp-3,5,9,451,0.001,0,0.5639732503051758,,
one_pass,adam,tuning,4194304,0,mlp-3,5,9,451,0.001,1,0.5656114206542969,,
one_pass,adam,tuning,4194304,0,mlp-3,5,9,451,0.01,0,0.5482520769042969,,
one_pass,adam,tuning,4194304,0,mlp-3,5,9,451,0.01,1,0.5481847671508789,,
one_pass,adam,tuning,4194304,0,mlp-3,5,9,451,0.1,0,0.5574237794799805,,
one_pass,adam,tuning,4194304,0,mlp-3,5,9,451,0.1,1,0.5554238385620117,,
one_pass,adam,tuning,4194304,0,spectral,5,0,435,0.001,0,0.5891025522460938,,
one_pass,adam,tuning,4194304,0,spectral,5,0,435,0.001,1,0.5888693791809082,,
one_pass,adam,tuning,4194304,0,spectral,5,0,435,0.01,0,0.5593114183959961,,
one_pass,adam,tuning,4194304,0,spectral,5,0,435,0.01,1,0.5533885485229492,,
one_pass,adam,tuning,4194304,0,spectral,5,0,435,0.1,0,0.566198165649414,,
one_pass,adam,tuning,4194304,0,spectral,5,0,435,0.1,1,0.5625373918151856,,
one_pass,adam,evaluation,16384,1,linear,0,0,29,0.01,2,,0.7002547324523926,0.2532418620147705
one_pass,adam,evaluation,262144,1,linear,0,0,29,0.01,2,,0.6416592404785156,0.22555757360839843
one_pass,adam,evaluation,4194304,1,linear,0,0,29,0.01,2,,0.6385632798461914,0.22344400862121583
one_pass,adam,evaluation,16384,1,linear,0,0,29,0.01,3,,0.6982430863952637,0.25176418899536135
one_pass,adam,evaluation,262144,1,linear,0,0,29,0.01,3,,0.6418544786987305,0.2256088480834961
one_pass,adam,evaluation,4194304,1,linear,0,0,29,0.01,3,,0.6385730500183106,0.22344952334594725
one_pass,adam,evaluation,16384,1,mlp-1,3,6,181,0.01,2,,0.6908403603820801,0.24886324429321288
one_pass,adam,evaluation,262144,1,mlp-1,3,6,181,0.01,2,,0.6246905797729492,0.2176125052871704
one_pass,adam,evaluation,4194304,1,mlp-1,3,6,181,0.01,2,,0.5814211425476075,0.19791790815734864
one_pass,adam,evaluation,16384,1,mlp-1,3,6,181,0.01,3,,0.6937169643249512,0.25025008233642576
one_pass,adam,evaluation,262144,1,mlp-1,3,6,181,0.01,3,,0.6245747348937988,0.2175450054550171
one_pass,adam,evaluation,4194304,1,mlp-1,3,6,181,0.01,3,,0.5753374792480469,0.19545249195861816
one_pass,adam,evaluation,16384,1,mlp-1,5,14,421,0.01,2,,0.683485692352295,0.24521418649291993
one_pass,adam,evaluation,262144,1,mlp-1,5,14,421,0.01,2,,0.6039839612426757,0.2078467134170532
one_pass,adam,evaluation,4194304,1,mlp-1,5,14,421,0.01,2,,0.5627057380065918,0.19090545779418946
one_pass,adam,evaluation,16384,1,mlp-1,5,14,421,0.01,3,,0.675744576538086,0.2414155903778076
one_pass,adam,evaluation,262144,1,mlp-1,5,14,421,0.01,3,,0.6087944710693359,0.2102345591583252
one_pass,adam,evaluation,4194304,1,mlp-1,5,14,421,0.01,3,,0.5604482748413085,0.1899482866592407
one_pass,adam,evaluation,16384,1,mlp-2,3,5,181,0.01,2,,0.7018598772888184,0.2543418279418945
one_pass,adam,evaluation,262144,1,mlp-2,3,5,181,0.01,2,,0.6248178900756836,0.21775646184539796
one_pass,adam,evaluation,4194304,1,mlp-2,3,5,181,0.01,2,,0.5734634136047363,0.19546336735534667
one_pass,adam,evaluation,16384,1,mlp-2,3,5,181,0.01,3,,0.6897180393676757,0.2482930899658203
one_pass,adam,evaluation,262144,1,mlp-2,3,5,181,0.01,3,,0.6155920682983398,0.21276459840393067
one_pass,adam,evaluation,4194304,1,mlp-2,3,5,181,0.01,3,,0.5673027489929199,0.19348108178710938
one_pass,adam,evaluation,16384,1,mlp-2,5,10,411,0.01,2,,0.6923758191528321,0.24961580461120605
one_pass,adam,evaluation,262144,1,mlp-2,5,10,411,0.01,2,,0.6058441829833985,0.2090672192993164
one_pass,adam,evaluation,4194304,1,mlp-2,5,10,411,0.01,2,,0.5429000401306152,0.18335522290802003
one_pass,adam,evaluation,16384,1,mlp-2,5,10,411,0.01,3,,0.6889909360046387,0.24792893281555176
one_pass,adam,evaluation,262144,1,mlp-2,5,10,411,0.01,3,,0.6025566841430664,0.20759311444854736
one_pass,adam,evaluation,4194304,1,mlp-2,5,10,411,0.01,3,,0.5455530241394043,0.18430428468322754
one_pass,adam,evaluation,16384,1,mlp-3,3,4,161,0.01,2,,0.7110875738220215,0.2588959348144531
one_pass,adam,evaluation,262144,1,mlp-3,3,4,161,0.01,2,,0.6258840254516601,0.21793710765838623
one_pass,adam,evaluation,4194304,1,mlp-3,3,4,161,0.01,2,,0.575369357055664,0.19624460934448243
one_pass,adam,evaluation,16384,1,mlp-3,3,4,161,0.01,3,,0.700646667175293,0.25373905921936035
one_pass,adam,evaluation,262144,1,mlp-3,3,4,161,0.01,3,,0.6454608416748047,0.227094041015625
one_pass,adam,evaluation,4194304,1,mlp-3,3,4,161,0.01,3,,0.578728099243164,0.19771711904907227
one_pass,adam,evaluation,16384,1,mlp-3,5,9,451,0.01,2,,0.6921923291625977,0.249522679977417
one_pass,adam,evaluation,262144,1,mlp-3,5,9,451,0.01,2,,0.5984819523010254,0.20579255331420898
one_pass,adam,evaluation,4194304,1,mlp-3,5,9,451,0.01,2,,0.546799817932129,0.1848813900604248
one_pass,adam,evaluation,16384,1,mlp-3,5,9,451,0.01,3,,0.6907901475219727,0.24882401094055176
one_pass,adam,evaluation,262144,1,mlp-3,5,9,451,0.01,3,,0.6027999415283203,0.20766636106872557
one_pass,adam,evaluation,4194304,1,mlp-3,5,9,451,0.01,3,,0.5493494116210937,0.18600619413757324
one_pass,adam,evaluation,16384,1,spectral,3,0,174,0.01,2,,0.695537323059082,0.2510015670471191
one_pass,adam,evaluation,262144,1,spectral,3,0,174,0.01,2,,0.6206749439086914,0.21595973637390137
one_pass,adam,evaluation,4194304,1,spectral,3,0,174,0.01,2,,0.5733620045166016,0.1956205051498413
one_pass,adam,evaluation,16384,1,spectral,3,0,174,0.01,3,,0.6776936481018067,0.24245075427246093
one_pass,adam,evaluation,262144,1,spectral,3,0,174,0.01,3,,0.6218571535644531,0.2164786251296997
one_pass,adam,evaluation,4194304,1,spectral,3,0,174,0.01,3,,0.5732119358520508,0.19551686691284179
one_pass,adam,evaluation,16384,1,spectral,5,0,435,0.01,2,,0.6843405802612305,0.24564421063232422
one_pass,adam,evaluation,262144,1,spectral,5,0,435,0.01,2,,0.6054307300109864,0.2091400461425781
one_pass,adam,evaluation,4194304,1,spectral,5,0,435,0.01,2,,0.5555890661621093,0.1884721117401123
one_pass,adam,evaluation,16384,1,spectral,5,0,435,0.01,3,,0.6739530433044434,0.24062582385253906
one_pass,adam,evaluation,262144,1,spectral,5,0,435,0.01,3,,0.6096822611083984,0.2109347712249756
one_pass,adam,evaluation,4194304,1,spectral,5,0,435,0.01,3,,0.5582733244934082,0.18950965449523927
