protocol,optimizer,split_seed,phase,train_size,data_seed,model,dim,rank,parameters_per_identity,num_parameters,lr,init_seed,val_rmse,val_warm_fraction,test_rmse,test_warm_fraction
one_pass_random_prefix,adam+sparseadam,0,tuning,15800000,0,linear,0,0,1,165238,0.001,0,0.8936949008481748,0.9999959825259969,,
one_pass_random_prefix,adam+sparseadam,0,tuning,15800000,0,linear,0,0,1,165238,0.001,1,0.8936949008481748,0.9999959825259969,,
one_pass_random_prefix,adam+sparseadam,0,tuning,15800000,0,linear,0,0,1,165238,0.001,2,0.8936949008481748,0.9999959825259969,,
one_pass_random_prefix,adam+sparseadam,0,tuning,15800000,0,linear,0,0,1,165238,0.001,3,0.8936949008481748,0.9999959825259969,,
one_pass_random_prefix,adam+sparseadam,0,tuning,15800000,0,linear,0,0,1,165238,0.0025118864315095794,0,0.8682747177031093,0.9999959825259969,,
one_pass_random_prefix,adam+sparseadam,0,tuning,15800000,0,linear,0,0,1,165238,0.0025118864315095794,1,0.8682747177031093,0.9999959825259969,,
one_pass_random_prefix,adam+sparseadam,0,tuning,15800000,0,linear,0,0,1,165238,0.0025118864315095794,2,0.8682747177031093,0.9999959825259969,,
one_pass_random_prefix,adam+sparseadam,0,tuning,15800000,0,linear,0,0,1,165238,0.0025118864315095794,3,0.8682747177031093,0.9999959825259969,,
one_pass_random_prefix,adam+sparseadam,0,tuning,15800000,0,linear,0,0,1,165238,0.00630957344480193,0,0.8604570928201645,0.9999959825259969,,
one_pass_random_prefix,adam+sparseadam,0,tuning,15800000,0,linear,0,0,1,165238,0.00630957344480193,1,0.8604570928201645,0.9999959825259969,,
one_pass_random_prefix,adam+sparseadam,0,tuning,15800000,0,linear,0,0,1,165238,0.00630957344480193,2,0.8604570928201645,0.9999959825259969,,
one_pass_random_prefix,adam+sparseadam,0,tuning,15800000,0,linear,0,0,1,165238,0.00630957344480193,3,0.8604570928201645,0.9999959825259969,,
one_pass_random_prefix,adam+sparseadam,0,tuning,15800000,0,linear,0,0,1,165238,0.01584893192461114,0,0.8664667809871028,0.9999959825259969,,
one_pass_random_prefix,adam+sparseadam,0,tuning,15800000,0,linear,0,0,1,165238,0.01584893192461114,1,0.8664667809871028,0.9999959825259969,,
one_pass_random_prefix,adam+sparseadam,0,tuning,15800000,0,linear,0,0,1,165238,0.01584893192461114,2,0.8664667809871028,0.9999959825259969,,
one_pass_random_prefix,adam+sparseadam,0,tuning,15800000,0,linear,0,0,1,165238,0.01584893192461114,3,0.8664667809871028,0.9999959825259969,,
one_pass_random_prefix,adam+sparseadam,0,tuning,15800000,0,linear,0,0,1,165238,0.039810717055349734,0,0.8859211319545631,0.9999959825259969,,
one_pass_random_prefix,adam+sparseadam,0,tuning,15800000,0,linear,0,0,1,165238,0.039810717055349734,1,0.8859211319545631,0.9999959825259969,,
one_pass_random_prefix,adam+sparseadam,0,tuning,15800000,0,linear,0,0,1,165238,0.039810717055349734,2,0.8859211319545631,0.9999959825259969,,
one_pass_random_prefix,adam+sparseadam,0,tuning,15800000,0,linear,0,0,1,165238,0.039810717055349734,3,0.8859211319545631,0.9999959825259969,,
one_pass_random_prefix,adam+sparseadam,0,tuning,15800000,0,linear,0,0,1,165238,0.1,0,0.9335362169697814,0.9999959825259969,,
one_pass_random_prefix,adam+sparseadam,0,tuning,15800000,0,linear,0,0,1,165238,0.1,1,0.9335362169697814,0.9999959825259969,,
one_pass_random_prefix,adam+sparseadam,0,tuning,15800000,0,linear,0,0,1,165238,0.1,2,0.9335362169697814,0.9999959825259969,,
one_pass_random_prefix,adam+sparseadam,0,tuning,15800000,0,linear,0,0,1,165238,0.1,3,0.9335362169697814,0.9999959825259969,,
one_pass_random_prefix,adam+sparseadam,0,tuning,15800000,0,fm,3,5,6,991423,0.001,0,0.8570397243157191,0.9999959825259969,,
one_pass_random_prefix,adam+sparseadam,0,tuning,15800000,0,fm,3,5,6,991423,0.001,1,0.8566499915736225,0.9999959825259969,,
one_pass_random_prefix,adam+sparseadam,0,tuning,15800000,0,fm,3,5,6,991423,0.001,2,0.8588343915382645,0.9999959825259969,,
one_pass_random_prefix,adam+sparseadam,0,tuning,15800000,0,fm,3,5,6,991423,0.001,3,0.8552575450736551,0.9999959825259969,,
one_pass_random_prefix,adam+sparseadam,0,tuning,15800000,0,fm,3,5,6,991423,0.0025118864315095794,0,0.8261835071223045,0.9999959825259969,,
one_pass_random_prefix,adam+sparseadam,0,tuning,15800000,0,fm,3,5,6,991423,0.0025118864315095794,1,0.8266923714255567,0.9999959825259969,,
one_pass_random_prefix,adam+sparseadam,0,tuning,15800000,0,fm,3,5,6,991423,0.0025118864315095794,2,0.8284345699485618,0.9999959825259969,,
one_pass_random_prefix,adam+sparseadam,0,tuning,15800000,0,fm,3,5,6,991423,0.0025118864315095794,3,0.8253534828691417,0.9999959825259969,,
one_pass_random_prefix,adam+sparseadam,0,tuning,15800000,0,fm,3,5,6,991423,0.00630957344480193,0,0.8116230025433221,0.9999959825259969,,
one_pass_random_prefix,adam+sparseadam,0,tuning,15800000,0,fm,3,5,6,991423,0.00630957344480193,1,0.8135889201606654,0.9999959825259969,,
one_pass_random_prefix,adam+sparseadam,0,tuning,15800000,0,fm,3,5,6,991423,0.00630957344480193,2,0.8154813200345415,0.9999959825259969,,
one_pass_random_prefix,adam+sparseadam,0,tuning,15800000,0,fm,3,5,6,991423,0.00630957344480193,3,0.8124654123421183,0.9999959825259969,,
one_pass_random_prefix,adam+sparseadam,0,tuning,15800000,0,fm,3,5,6,991423,0.01584893192461114,0,0.827024691637996,0.9999959825259969,,
one_pass_random_prefix,adam+sparseadam,0,tuning,15800000,0,fm,3,5,6,991423,0.01584893192461114,1,0.8277794115426622,0.9999959825259969,,
one_pass_random_prefix,adam+sparseadam,0,tuning,15800000,0,fm,3,5,6,991423,0.01584893192461114,2,0.8277897558011504,0.9999959825259969,,
one_pass_random_prefix,adam+sparseadam,0,tuning,15800000,0,fm,3,5,6,991423,0.01584893192461114,3,0.8282776623953628,0.9999959825259969,,
one_pass_random_prefix,adam+sparseadam,0,tuning,15800000,0,fm,3,5,6,991423,0.039810717055349734,0,0.8894609375120351,0.9999959825259969,,
one_pass_random_prefix,adam+sparseadam,0,tuning,15800000,0,fm,3,5,6,991423,0.039810717055349734,1,0.8887593501683074,0.9999959825259969,,
one_pass_random_prefix,adam+sparseadam,0,tuning,15800000,0,fm,3,5,6,991423,0.039810717055349734,2,0.8879355559011981,0.9999959825259969,,
one_pass_random_prefix,adam+sparseadam,0,tuning,15800000,0,fm,3,5,6,991423,0.039810717055349734,3,0.8901768255562269,0.9999959825259969,,
one_pass_random_prefix,adam+sparseadam,0,tuning,15800000,0,fm,3,5,6,991423,0.1,0,1.0479295236962236,0.9999959825259969,,
one_pass_random_prefix,adam+sparseadam,0,tuning,15800000,0,fm,3,5,6,991423,0.1,1,1.0474075484375405,0.9999959825259969,,
one_pass_random_prefix,adam+sparseadam,0,tuning,15800000,0,fm,3,5,6,991423,0.1,2,1.0488042744061694,0.9999959825259969,,
one_pass_random_prefix,adam+sparseadam,0,tuning,15800000,0,fm,3,5,6,991423,0.1,3,1.050601868565553,0.9999959825259969,,
one_pass_random_prefix,adam+sparseadam,0,tuning,15800000,0,spectral,3,0,6,991428,0.001,0,0.9281854980232788,0.9999959825259969,,
one_pass_random_prefix,adam+sparseadam,0,tuning,15800000,0,spectral,3,0,6,991428,0.001,1,0.9264251329248934,0.9999959825259969,,
one_pass_random_prefix,adam+sparseadam,0,tuning,15800000,0,spectral,3,0,6,991428,0.001,2,0.9292247809564824,0.9999959825259969,,
one_pass_random_prefix,adam+sparseadam,0,tuning,15800000,0,spectral,3,0,6,991428,0.001,3,0.9124392252937307,0.9999959825259969,,
one_pass_random_prefix,adam+sparseadam,0,tuning,15800000,0,spectral,3,0,6,991428,0.0025118864315095794,0,0.8770586556988852,0.9999959825259969,,
one_pass_random_prefix,adam+sparseadam,0,tuning,15800000,0,spectral,3,0,6,991428,0.0025118864315095794,1,0.8771709698645186,0.9999959825259969,,
one_pass_random_prefix,adam+sparseadam,0,tuning,15800000,0,spectral,3,0,6,991428,0.0025118864315095794,2,0.8780941400805806,0.9999959825259969,,
one_pass_random_prefix,adam+sparseadam,0,tuning,15800000,0,spectral,3,0,6,991428,0.0025118864315095794,3,0.8711669222612674,0.9999959825259969,,
one_pass_random_prefix,adam+sparseadam,0,tuning,15800000,0,spectral,3,0,6,991428,0.00630957344480193,0,0.858691675681255,0.9999959825259969,,
one_pass_random_prefix,adam+sparseadam,0,tuning,15800000,0,spectral,3,0,6,991428,0.00630957344480193,1,0.8601584402291985,0.9999959825259969,,
one_pass_random_prefix,adam+sparseadam,0,tuning,15800000,0,spectral,3,0,6,991428,0.00630957344480193,2,0.8591899059465082,0.9999959825259969,,
one_pass_random_prefix,adam+sparseadam,0,tuning,15800000,0,spectral,3,0,6,991428,0.00630957344480193,3,0.8598456479737511,0.9999959825259969,,
one_pass_random_prefix,adam+sparseadam,0,tuning,15800000,0,spectral,3,0,6,991428,0.01584893192461114,0,0.8637900156705801,0.9999959825259969,,
one_pass_random_prefix,adam+sparseadam,0,tuning,15800000,0,spectral,3,0,6,991428,0.01584893192461114,1,0.8660737571374044,0.9999959825259969,,
one_pass_random_prefix,adam+sparseadam,0,tuning,15800000,0,spectral,3,0,6,991428,0.01584893192461114,2,0.8643491631007921,0.9999959825259969,,
one_pass_random_prefix,adam+sparseadam,0,tuning,15800000,0,spectral,3,0,6,991428,0.01584893192461114,3,0.8606457251059343,0.9999959825259969,,
one_pass_random_prefix,adam+sparseadam,0,tuning,15800000,0,spectral,3,0,6,991428,0.039810717055349734,0,0.908859473585987,0.9999959825259969,,
one_pass_random_prefix,adam+sparseadam,0,tuning,15800000,0,spectral,3,0,6,991428,0.039810717055349734,1,0.9097058176751889,0.9999959825259969,,
one_pass_random_prefix,adam+sparseadam,0,tuning,15800000,0,spectral,3,0,6,991428,0.039810717055349734,2,0.9103161398428209,0.9999959825259969,,
one_pass_random_prefix,adam+sparseadam,0,tuning,15800000,0,spectral,3,0,6,991428,0.039810717055349734,3,0.9018505633559367,0.9999959825259969,,
one_pass_random_prefix,adam+sparseadam,0,tuning,15800000,0,spectral,3,0,6,991428,0.1,0,1.0177122914565968,0.9999959825259969,,
one_pass_random_prefix,adam+sparseadam,0,tuning,15800000,0,spectral,3,0,6,991428,0.1,1,1.0135445605258908,0.9999959825259969,,
one_pass_random_prefix,adam+sparseadam,0,tuning,15800000,0,spectral,3,0,6,991428,0.1,2,1.0135301609883802,0.9999959825259969,,
one_pass_random_prefix,adam+sparseadam,0,tuning,15800000,0,spectral,3,0,6,991428,0.1,3,1.0142021238387566,0.9999959825259969,,
one_pass_random_prefix,adam+sparseadam,0,tuning,15800000,0,fm,7,27,28,4626637,0.001,0,0.8368973450063008,0.9999959825259969,,
one_pass_random_prefix,adam+sparseadam,0,tuning,15800000,0,fm,7,27,28,4626637,0.001,1,0.8335372353154041,0.9999959825259969,,
one_pass_random_prefix,adam+sparseadam,0,tuning,15800000,0,fm,7,27,28,4626637,0.001,2,0.8343241373020256,0.9999959825259969,,
one_pass_random_prefix,adam+sparseadam,0,tuning,15800000,0,fm,7,27,28,4626637,0.001,3,0.8354444332072041,0.9999959825259969,,
one_pass_random_prefix,adam+sparseadam,0,tuning,15800000,0,fm,7,27,28,4626637,0.0025118864315095794,0,0.8031522853901436,0.9999959825259969,,
one_pass_random_prefix,adam+sparseadam,0,tuning,15800000,0,fm,7,27,28,4626637,0.0025118864315095794,1,0.8024958857740021,0.9999959825259969,,
one_pass_random_prefix,adam+sparseadam,0,tuning,15800000,0,fm,7,27,28,4626637,0.0025118864315095794,2,0.8020869431693889,0.9999959825259969,,
one_pass_random_prefix,adam+sparseadam,0,tuning,15800000,0,fm,7,27,28,4626637,0.0025118864315095794,3,0.8036789588414631,0.9999959825259969,,
one_pass_random_prefix,adam+sparseadam,0,tuning,15800000,0,fm,7,27,28,4626637,0.00630957344480193,0,0.8004935969318342,0.9999959825259969,,
one_pass_random_prefix,adam+sparseadam,0,tuning,15800000,0,fm,7,27,28,4626637,0.00630957344480193,1,0.8006365313974136,0.9999959825259969,,
one_pass_random_prefix,adam+sparseadam,0,tuning,15800000,0,fm,7,27,28,4626637,0.00630957344480193,2,0.8004698759297348,0.9999959825259969,,
one_pass_random_prefix,adam+sparseadam,0,tuning,15800000,0,fm,7,27,28,4626637,0.00630957344480193,3,0.8009418988708801,0.9999959825259969,,
one_pass_random_prefix,adam+sparseadam,0,tuning,15800000,0,fm,7,27,28,4626637,0.01584893192461114,0,0.851922189955591,0.9999959825259969,,
one_pass_random_prefix,adam+sparseadam,0,tuning,15800000,0,fm,7,27,28,4626637,0.01584893192461114,1,0.8516996511061982,0.9999959825259969,,
one_pass_random_prefix,adam+sparseadam,0,tuning,15800000,0,fm,7,27,28,4626637,0.01584893192461114,2,0.8515537207647844,0.9999959825259969,,
one_pass_random_prefix,adam+sparseadam,0,tuning,15800000,0,fm,7,27,28,4626637,0.01584893192461114,3,0.8520644786534018,0.9999959825259969,,
one_pass_random_prefix,adam+sparseadam,0,tuning,15800000,0,fm,7,27,28,4626637,0.039810717055349734,0,1.0531000010153098,0.9999959825259969,,
one_pass_random_prefix,adam+sparseadam,0,tuning,15800000,0,fm,7,27,28,4626637,0.039810717055349734,1,1.0552129874290106,0.9999959825259969,,
one_pass_random_prefix,adam+sparseadam,0,tuning,15800000,0,fm,7,27,28,4626637,0.039810717055349734,2,1.0552633127685582,0.9999959825259969,,
one_pass_random_prefix,adam+sparseadam,0,tuning,15800000,0,fm,7,27,28,4626637,0.039810717055349734,3,1.0550159795282812,0.9999959825259969,,
one_pass_random_prefix,adam+sparseadam,0,tuning,15800000,0,fm,7,27,28,4626637,0.1,0,2.9193521424573765,0.9999959825259969,,
one_pass_random_prefix,adam+sparseadam,0,tuning,15800000,0,fm,7,27,28,4626637,0.1,1,2.906845780967438,0.9999959825259969,,
one_pass_random_prefix,adam+sparseadam,0,tuning,15800000,0,fm,7,27,28,4626637,0.1,2,2.904180595244477,0.9999959825259969,,
one_pass_random_prefix,adam+sparseadam,0,tuning,15800000,0,fm,7,27,28,4626637,0.1,3,2.9245111804037665,0.9999959825259969,,
one_pass_random_prefix,adam+sparseadam,0,tuning,15800000,0,spectral,7,0,28,4626664,0.001,0,0.9155386152220055,0.9999959825259969,,
one_pass_random_prefix,adam+sparseadam,0,tuning,15800000,0,spectral,7,0,28,4626664,0.001,1,0.9162596778952437,0.9999959825259969,,
one_pass_random_prefix,adam+sparseadam,0,tuning,15800000,0,spectral,7,0,28,4626664,0.001,2,0.9185358399735554,0.9999959825259969,,
one_pass_random_prefix,adam+sparseadam,0,tuning,15800000,0,spectral,7,0,28,4626664,0.001,3,0.9154738203413544,0.9999959825259969,,
one_pass_random_prefix,adam+sparseadam,0,tuning,15800000,0,spectral,7,0,28,4626664,0.0025118864315095794,0,0.8782531811091172,0.9999959825259969,,
one_pass_random_prefix,adam+sparseadam,0,tuning,15800000,0,spectral,7,0,28,4626664,0.0025118864315095794,1,0.8784767538060794,0.9999959825259969,,
one_pass_random_prefix,adam+sparseadam,0,tuning,15800000,0,spectral,7,0,28,4626664,0.0025118864315095794,2,0.8792071954887892,0.9999959825259969,,
one_pass_random_prefix,adam+sparseadam,0,tuning,15800000,0,spectral,7,0,28,4626664,0.0025118864315095794,3,0.8784446127680554,0.9999959825259969,,
one_pass_random_prefix,adam+sparseadam,0,tuning,15800000,0,spectral,7,0,28,4626664,0.00630957344480193,0,0.8699901817844738,0.9999959825259969,,
one_pass_random_prefix,adam+sparseadam,0,tuning,15800000,0,spectral,7,0,28,4626664,0.00630957344480193,1,0.8702180656817717,0.9999959825259969,,
one_pass_random_prefix,adam+sparseadam,0,tuning,15800000,0,spectral,7,0,28,4626664,0.00630957344480193,2,0.8729789972603409,0.9999959825259969,,
one_pass_random_prefix,adam+sparseadam,0,tuning,15800000,0,spectral,7,0,28,4626664,0.00630957344480193,3,0.872085614668087,0.9999959825259969,,
one_pass_random_prefix,adam+sparseadam,0,tuning,15800000,0,spectral,7,0,28,4626664,0.01584893192461114,0,0.9028454534271726,0.9999959825259969,,
one_pass_random_prefix,adam+sparseadam,0,tuning,15800000,0,spectral,7,0,28,4626664,0.01584893192461114,1,0.9040909992325743,0.9999959825259969,,
one_pass_random_prefix,adam+sparseadam,0,tuning,15800000,0,spectral,7,0,28,4626664,0.01584893192461114,2,0.9052136822199878,0.9999959825259969,,
one_pass_random_prefix,adam+sparseadam,0,tuning,15800000,0,spectral,7,0,28,4626664,0.01584893192461114,3,0.9036945079347537,0.9999959825259969,,
one_pass_random_prefix,adam+sparseadam,0,tuning,15800000,0,spectral,7,0,28,4626664,0.039810717055349734,0,1.025387890471399,0.9999959825259969,,
one_pass_random_prefix,adam+sparseadam,0,tuning,15800000,0,spectral,7,0,28,4626664,0.039810717055349734,1,1.0272188546680372,0.9999959825259969,,
one_pass_random_prefix,adam+sparseadam,0,tuning,15800000,0,spectral,7,0,28,4626664,0.039810717055349734,2,1.0255184788364489,0.9999959825259969,,
one_pass_random_prefix,adam+sparseadam,0,tuning,15800000,0,spectral,7,0,28,4626664,0.039810717055349734,3,1.0262396343464246,0.9999959825259969,,
one_pass_random_prefix,adam+sparseadam,0,tuning,15800000,0,spectral,7,0,28,4626664,0.1,0,1.302662761522098,0.9999959825259969,,
one_pass_random_prefix,adam+sparseadam,0,tuning,15800000,0,spectral,7,0,28,4626664,0.1,1,1.305128976248063,0.9999959825259969,,
one_pass_random_prefix,adam+sparseadam,0,tuning,15800000,0,spectral,7,0,28,4626664,0.1,2,1.3021019798895332,0.9999959825259969,,
one_pass_random_prefix,adam+sparseadam,0,tuning,15800000,0,spectral,7,0,28,4626664,0.1,3,1.2999200672847193,0.9999959825259969,,
one_pass_random_prefix,adam+sparseadam,0,tuning,15800000,0,fm,11,65,66,10905643,0.001,0,0.8176727312034339,0.9999959825259969,,
one_pass_random_prefix,adam+sparseadam,0,tuning,15800000,0,fm,11,65,66,10905643,0.001,1,0.819612640726676,0.9999959825259969,,
one_pass_random_prefix,adam+sparseadam,0,tuning,15800000,0,fm,11,65,66,10905643,0.001,2,0.8186517231788425,0.9999959825259969,,
one_pass_random_prefix,adam+sparseadam,0,tuning,15800000,0,fm,11,65,66,10905643,0.001,3,0.8197363956240267,0.9999959825259969,,
one_pass_random_prefix,adam+sparseadam,0,tuning,15800000,0,fm,11,65,66,10905643,0.0025118864315095794,0,0.7922384377842467,0.9999959825259969,,
one_pass_random_prefix,adam+sparseadam,0,tuning,15800000,0,fm,11,65,66,10905643,0.0025118864315095794,1,0.7922459555583297,0.9999959825259969,,
one_pass_random_prefix,adam+sparseadam,0,tuning,15800000,0,fm,11,65,66,10905643,0.0025118864315095794,2,0.7922401373311218,0.9999959825259969,,
one_pass_random_prefix,adam+sparseadam,0,tuning,15800000,0,fm,11,65,66,10905643,0.0025118864315095794,3,0.7921014229704618,0.9999959825259969,,
one_pass_random_prefix,adam+sparseadam,0,tuning,15800000,0,fm,11,65,66,10905643,0.00630957344480193,0,0.8079874224201024,0.9999959825259969,,
one_pass_random_prefix,adam+sparseadam,0,tuning,15800000,0,fm,11,65,66,10905643,0.00630957344480193,1,0.8077388208437244,0.9999959825259969,,
one_pass_random_prefix,adam+sparseadam,0,tuning,15800000,0,fm,11,65,66,10905643,0.00630957344480193,2,0.8079152686775143,0.9999959825259969,,
one_pass_random_prefix,adam+sparseadam,0,tuning,15800000,0,fm,11,65,66,10905643,0.00630957344480193,3,0.8078101394141288,0.9999959825259969,,
one_pass_random_prefix,adam+sparseadam,0,tuning,15800000,0,fm,11,65,66,10905643,0.01584893192461114,0,0.9133347494940857,0.9999959825259969,,
one_pass_random_prefix,adam+sparseadam,0,tuning,15800000,0,fm,11,65,66,10905643,0.01584893192461114,1,0.9122835333922418,0.9999959825259969,,
one_pass_random_prefix,adam+sparseadam,0,tuning,15800000,0,fm,11,65,66,10905643,0.01584893192461114,2,0.9127209304243578,0.9999959825259969,,
one_pass_random_prefix,adam+sparseadam,0,tuning,15800000,0,fm,11,65,66,10905643,0.01584893192461114,3,0.912557345446049,0.9999959825259969,,
one_pass_random_prefix,adam+sparseadam,0,tuning,15800000,0,fm,11,65,66,10905643,0.039810717055349734,0,1.6777966835320959,0.9999959825259969,,
one_pass_random_prefix,adam+sparseadam,0,tuning,15800000,0,fm,11,65,66,10905643,0.039810717055349734,1,1.6751975873288225,0.9999959825259969,,
one_pass_random_prefix,adam+sparseadam,0,tuning,15800000,0,fm,11,65,66,10905643,0.039810717055349734,2,1.6711852528873508,0.9999959825259969,,
one_pass_random_prefix,adam+sparseadam,0,tuning,15800000,0,fm,11,65,66,10905643,0.039810717055349734,3,1.6700361988990398,0.9999959825259969,,
one_pass_random_prefix,adam+sparseadam,0,tuning,15800000,0,fm,11,65,66,10905643,0.1,0,8.472104796186576,0.9999959825259969,,
one_pass_random_prefix,adam+sparseadam,0,tuning,15800000,0,fm,11,65,66,10905643,0.1,1,8.491426687262532,0.9999959825259969,,
one_pass_random_prefix,adam+sparseadam,0,tuning,15800000,0,fm,11,65,66,10905643,0.1,2,8.510328944101515,0.9999959825259969,,
one_pass_random_prefix,adam+sparseadam,0,tuning,15800000,0,fm,11,65,66,10905643,0.1,3,8.509807803964176,0.9999959825259969,,
one_pass_random_prefix,adam+sparseadam,0,tuning,15800000,0,spectral,11,0,66,10905708,0.001,0,0.9121325182323032,0.9999959825259969,,
one_pass_random_prefix,adam+sparseadam,0,tuning,15800000,0,spectral,11,0,66,10905708,0.001,1,0.9142701401663424,0.9999959825259969,,
one_pass_random_prefix,adam+sparseadam,0,tuning,15800000,0,spectral,11,0,66,10905708,0.001,2,0.9132522867774429,0.9999959825259969,,
one_pass_random_prefix,adam+sparseadam,0,tuning,15800000,0,spectral,11,0,66,10905708,0.001,3,0.9162396016771039,0.9999959825259969,,
one_pass_random_prefix,adam+sparseadam,0,tuning,15800000,0,spectral,11,0,66,10905708,0.0025118864315095794,0,0.8831917241571771,0.9999959825259969,,
one_pass_random_prefix,adam+sparseadam,0,tuning,15800000,0,spectral,11,0,66,10905708,0.0025118864315095794,1,0.8838784631387135,0.9999959825259969,,
one_pass_random_prefix,adam+sparseadam,0,tuning,15800000,0,spectral,11,0,66,10905708,0.0025118864315095794,2,0.8832591520306525,0.9999959825259969,,
one_pass_random_prefix,adam+sparseadam,0,tuning,15800000,0,spectral,11,0,66,10905708,0.0025118864315095794,3,0.8848612514308627,0.9999959825259969,,
one_pass_random_prefix,adam+sparseadam,0,tuning,15800000,0,spectral,11,0,66,10905708,0.00630957344480193,0,0.8841101218042805,0.9999959825259969,,
one_pass_random_prefix,adam+sparseadam,0,tuning,15800000,0,spectral,11,0,66,10905708,0.00630957344480193,1,0.8835238954414147,0.9999959825259969,,
one_pass_random_prefix,adam+sparseadam,0,tuning,15800000,0,spectral,11,0,66,10905708,0.00630957344480193,2,0.882557094394955,0.9999959825259969,,
one_pass_random_prefix,adam+sparseadam,0,tuning,15800000,0,spectral,11,0,66,10905708,0.00630957344480193,3,0.8833243250192072,0.9999959825259969,,
one_pass_random_prefix,adam+sparseadam,0,tuning,15800000,0,spectral,11,0,66,10905708,0.01584893192461114,0,0.9320356747106113,0.9999959825259969,,
one_pass_random_prefix,adam+sparseadam,0,tuning,15800000,0,spectral,11,0,66,10905708,0.01584893192461114,1,0.9324804749411431,0.9999959825259969,,
one_pass_random_prefix,adam+sparseadam,0,tuning,15800000,0,spectral,11,0,66,10905708,0.01584893192461114,2,0.9321470613908615,0.9999959825259969,,
one_pass_random_prefix,adam+sparseadam,0,tuning,15800000,0,spectral,11,0,66,10905708,0.01584893192461114,3,0.9313306866309686,0.9999959825259969,,
one_pass_random_prefix,adam+sparseadam,0,tuning,15800000,0,spectral,11,0,66,10905708,0.039810717055349734,0,1.1396474094421754,0.9999959825259969,,
one_pass_random_prefix,adam+sparseadam,0,tuning,15800000,0,spectral,11,0,66,10905708,0.039810717055349734,1,1.1411659532184162,0.9999959825259969,,
one_pass_random_prefix,adam+sparseadam,0,tuning,15800000,0,spectral,11,0,66,10905708,0.039810717055349734,2,1.1406135729669427,0.9999959825259969,,
one_pass_random_prefix,adam+sparseadam,0,tuning,15800000,0,spectral,11,0,66,10905708,0.039810717055349734,3,1.139920300480162,0.9999959825259969,,
one_pass_random_prefix,adam+sparseadam,0,tuning,15800000,0,spectral,11,0,66,10905708,0.1,0,1.790501617637583,0.9999959825259969,,
one_pass_random_prefix,adam+sparseadam,0,tuning,15800000,0,spectral,11,0,66,10905708,0.1,1,1.793532870156606,0.9999959825259969,,
one_pass_random_prefix,adam+sparseadam,0,tuning,15800000,0,spectral,11,0,66,10905708,0.1,2,1.7944586611416806,0.9999959825259969,,
one_pass_random_prefix,adam+sparseadam,0,tuning,15800000,0,spectral,11,0,66,10905708,0.1,3,1.8010882533370849,0.9999959825259969,,
one_pass_random_prefix,adam+sparseadam,0,evaluation,1048576,1,fm,3,5,6,991423,0.00630957344480193,4,,,0.9346925021514079,0.9762438737939733
one_pass_random_prefix,adam+sparseadam,0,evaluation,2097152,1,fm,3,5,6,991423,0.00630957344480193,4,,,0.8964640158157637,0.994910890887464
one_pass_random_prefix,adam+sparseadam,0,evaluation,4194304,1,fm,3,5,6,991423,0.00630957344480193,4,,,0.8620280407968388,0.9991960225908924
one_pass_random_prefix,adam+sparseadam,0,evaluation,8388608,1,fm,3,5,6,991423,0.00630957344480193,4,,,0.8385534858228967,0.9997638498201233
one_pass_random_prefix,adam+sparseadam,0,evaluation,15800000,1,fm,3,5,6,991423,0.00630957344480193,4,,,0.8178364993414261,0.9999990301840662
one_pass_random_prefix,adam+sparseadam,0,evaluation,1048576,1,fm,3,5,6,991423,0.00630957344480193,5,,,0.93440847635951,0.9762438737939733
one_pass_random_prefix,adam+sparseadam,0,evaluation,2097152,1,fm,3,5,6,991423,0.00630957344480193,5,,,0.8973857816589508,0.994910890887464
one_pass_random_prefix,adam+sparseadam,0,evaluation,4194304,1,fm,3,5,6,991423,0.00630957344480193,5,,,0.8636568238758127,0.9991960225908924
one_pass_random_prefix,adam+sparseadam,0,evaluation,8388608,1,fm,3,5,6,991423,0.00630957344480193,5,,,0.8404777646715227,0.9997638498201233
one_pass_random_prefix,adam+sparseadam,0,evaluation,15800000,1,fm,3,5,6,991423,0.00630957344480193,5,,,0.8211126113279784,0.9999990301840662
one_pass_random_prefix,adam+sparseadam,0,evaluation,1048576,1,fm,3,5,6,991423,0.00630957344480193,6,,,0.9344944793197176,0.9762438737939733
one_pass_random_prefix,adam+sparseadam,0,evaluation,2097152,1,fm,3,5,6,991423,0.00630957344480193,6,,,0.8915436861833478,0.994910890887464
one_pass_random_prefix,adam+sparseadam,0,evaluation,4194304,1,fm,3,5,6,991423,0.00630957344480193,6,,,0.8595232437608579,0.9991960225908924
one_pass_random_prefix,adam+sparseadam,0,evaluation,8388608,1,fm,3,5,6,991423,0.00630957344480193,6,,,0.8350462544992956,0.9997638498201233
one_pass_random_prefix,adam+sparseadam,0,evaluation,15800000,1,fm,3,5,6,991423,0.00630957344480193,6,,,0.8149647167937907,0.9999990301840662
one_pass_random_prefix,adam+sparseadam,0,evaluation,1048576,1,fm,3,5,6,991423,0.00630957344480193,7,,,0.9352844222675321,0.9762438737939733
one_pass_random_prefix,adam+sparseadam,0,evaluation,2097152,1,fm,3,5,6,991423,0.00630957344480193,7,,,0.8974077188167604,0.994910890887464
one_pass_random_prefix,adam+sparseadam,0,evaluation,4194304,1,fm,3,5,6,991423,0.00630957344480193,7,,,0.8637534314480738,0.9991960225908924
one_pass_random_prefix,adam+sparseadam,0,evaluation,8388608,1,fm,3,5,6,991423,0.00630957344480193,7,,,0.8374802699813999,0.9997638498201233
one_pass_random_prefix,adam+sparseadam,0,evaluation,15800000,1,fm,3,5,6,991423,0.00630957344480193,7,,,0.8180136660695396,0.9999990301840662
one_pass_random_prefix,adam+sparseadam,0,evaluation,1048576,2,fm,3,5,6,991423,0.00630957344480193,4,,,0.9354303082000203,0.9767947292443631
one_pass_random_prefix,adam+sparseadam,0,evaluation,2097152,2,fm,3,5,6,991423,0.00630957344480193,4,,,0.8956611657792799,0.9949632609478885
one_pass_random_prefix,adam+sparseadam,0,evaluation,4194304,2,fm,3,5,6,991423,0.00630957344480193,4,,,0.8603964318100268,0.9991649884810112
one_pass_random_prefix,adam+sparseadam,0,evaluation,8388608,2,fm,3,5,6,991423,0.00630957344480193,4,,,0.8357828190778007,0.9997541516607855
one_pass_random_prefix,adam+sparseadam,0,evaluation,15800000,2,fm,3,5,6,991423,0.00630957344480193,4,,,0.8170112348912704,0.9999975754601655
one_pass_random_prefix,adam+sparseadam,0,evaluation,1048576,2,fm,3,5,6,991423,0.00630957344480193,5,,,0.9340684904206223,0.9767947292443631
one_pass_random_prefix,adam+sparseadam,0,evaluation,2097152,2,fm,3,5,6,991423,0.00630957344480193,5,,,0.8925439975992383,0.9949632609478885
one_pass_random_prefix,adam+sparseadam,0,evaluation,4194304,2,fm,3,5,6,991423,0.00630957344480193,5,,,0.8602730564410939,0.9991649884810112
one_pass_random_prefix,adam+sparseadam,0,evaluation,8388608,2,fm,3,5,6,991423,0.00630957344480193,5,,,0.8371815033976764,0.9997541516607855
one_pass_random_prefix,adam+sparseadam,0,evaluation,15800000,2,fm,3,5,6,991423,0.00630957344480193,5,,,0.8164406299297813,0.9999975754601655
one_pass_random_prefix,adam+sparseadam,0,evaluation,1048576,2,fm,3,5,6,991423,0.00630957344480193,6,,,0.9334660841487765,0.9767947292443631
one_pass_random_prefix,adam+sparseadam,0,evaluation,2097152,2,fm,3,5,6,991423,0.00630957344480193,6,,,0.8947034281040877,0.9949632609478885
one_pass_random_prefix,adam+sparseadam,0,evaluation,4194304,2,fm,3,5,6,991423,0.00630957344480193,6,,,0.8618188802977461,0.9991649884810112
one_pass_random_prefix,adam+sparseadam,0,evaluation,8388608,2,fm,3,5,6,991423,0.00630957344480193,6,,,0.8392072103250195,0.9997541516607855
one_pass_random_prefix,adam+sparseadam,0,evaluation,15800000,2,fm,3,5,6,991423,0.00630957344480193,6,,,0.8191591613869793,0.9999975754601655
one_pass_random_prefix,adam+sparseadam,0,evaluation,1048576,2,fm,3,5,6,991423,0.00630957344480193,7,,,0.9342244742085912,0.9767947292443631
one_pass_random_prefix,adam+sparseadam,0,evaluation,2097152,2,fm,3,5,6,991423,0.00630957344480193,7,,,0.8917938911151763,0.9949632609478885
one_pass_random_prefix,adam+sparseadam,0,evaluation,4194304,2,fm,3,5,6,991423,0.00630957344480193,7,,,0.8593339273481382,0.9991649884810112
one_pass_random_prefix,adam+sparseadam,0,evaluation,8388608,2,fm,3,5,6,991423,0.00630957344480193,7,,,0.8363817805635685,0.9997541516607855
one_pass_random_prefix,adam+sparseadam,0,evaluation,15800000,2,fm,3,5,6,991423,0.00630957344480193,7,,,0.8161015926162316,0.9999975754601655
one_pass_random_prefix,adam+sparseadam,0,evaluation,1048576,1,fm,7,27,28,4626637,0.00630957344480193,4,,,0.9310448125010865,0.9762438737939733
one_pass_random_prefix,adam+sparseadam,0,evaluation,2097152,1,fm,7,27,28,4626637,0.00630957344480193,4,,,0.8864509021697999,0.994910890887464
one_pass_random_prefix,adam+sparseadam,0,evaluation,4194304,1,fm,7,27,28,4626637,0.00630957344480193,4,,,0.8575743889220181,0.9991960225908924
one_pass_random_prefix,adam+sparseadam,0,evaluation,8388608,1,fm,7,27,28,4626637,0.00630957344480193,4,,,0.828838423863984,0.9997638498201233
one_pass_random_prefix,adam+sparseadam,0,evaluation,15800000,1,fm,7,27,28,4626637,0.00630957344480193,4,,,0.804149560106654,0.9999990301840662
one_pass_random_prefix,adam+sparseadam,0,evaluation,1048576,1,fm,7,27,28,4626637,0.00630957344480193,5,,,0.9299945434194619,0.9762438737939733
one_pass_random_prefix,adam+sparseadam,0,evaluation,2097152,1,fm,7,27,28,4626637,0.00630957344480193,5,,,0.8847363296488807,0.994910890887464
one_pass_random_prefix,adam+sparseadam,0,evaluation,4194304,1,fm,7,27,28,4626637,0.00630957344480193,5,,,0.8575937856787315,0.9991960225908924
one_pass_random_prefix,adam+sparseadam,0,evaluation,8388608,1,fm,7,27,28,4626637,0.00630957344480193,5,,,0.8294752667850641,0.9997638498201233
one_pass_random_prefix,adam+sparseadam,0,evaluation,15800000,1,fm,7,27,28,4626637,0.00630957344480193,5,,,0.8042830494233921,0.9999990301840662
one_pass_random_prefix,adam+sparseadam,0,evaluation,1048576,1,fm,7,27,28,4626637,0.00630957344480193,6,,,0.9294470304909085,0.9762438737939733
one_pass_random_prefix,adam+sparseadam,0,evaluation,2097152,1,fm,7,27,28,4626637,0.00630957344480193,6,,,0.8858291673426898,0.994910890887464
one_pass_random_prefix,adam+sparseadam,0,evaluation,4194304,1,fm,7,27,28,4626637,0.00630957344480193,6,,,0.8582398109419298,0.9991960225908924
one_pass_random_prefix,adam+sparseadam,0,evaluation,8388608,1,fm,7,27,28,4626637,0.00630957344480193,6,,,0.8293939771897954,0.9997638498201233
one_pass_random_prefix,adam+sparseadam,0,evaluation,15800000,1,fm,7,27,28,4626637,0.00630957344480193,6,,,0.8040299918290442,0.9999990301840662
one_pass_random_prefix,adam+sparseadam,0,evaluation,1048576,1,fm,7,27,28,4626637,0.00630957344480193,7,,,0.9308289688506493,0.9762438737939733
one_pass_random_prefix,adam+sparseadam,0,evaluation,2097152,1,fm,7,27,28,4626637,0.00630957344480193,7,,,0.8855412057691409,0.994910890887464
one_pass_random_prefix,adam+sparseadam,0,evaluation,4194304,1,fm,7,27,28,4626637,0.00630957344480193,7,,,0.8573013546558191,0.9991960225908924
one_pass_random_prefix,adam+sparseadam,0,evaluation,8388608,1,fm,7,27,28,4626637,0.00630957344480193,7,,,0.8285302178024978,0.9997638498201233
one_pass_random_prefix,adam+sparseadam,0,evaluation,15800000,1,fm,7,27,28,4626637,0.00630957344480193,7,,,0.803787735155792,0.9999990301840662
one_pass_random_prefix,adam+sparseadam,0,evaluation,1048576,2,fm,7,27,28,4626637,0.00630957344480193,4,,,0.929690000733111,0.9767947292443631
one_pass_random_prefix,adam+sparseadam,0,evaluation,2097152,2,fm,7,27,28,4626637,0.00630957344480193,4,,,0.8849496979547845,0.9949632609478885
one_pass_random_prefix,adam+sparseadam,0,evaluation,4194304,2,fm,7,27,28,4626637,0.00630957344480193,4,,,0.8574090635474787,0.9991649884810112
one_pass_random_prefix,adam+sparseadam,0,evaluation,8388608,2,fm,7,27,28,4626637,0.00630957344480193,4,,,0.8293125651396722,0.9997541516607855
one_pass_random_prefix,adam+sparseadam,0,evaluation,15800000,2,fm,7,27,28,4626637,0.00630957344480193,4,,,0.8040316754481543,0.9999975754601655
one_pass_random_prefix,adam+sparseadam,0,evaluation,1048576,2,fm,7,27,28,4626637,0.00630957344480193,5,,,0.9307030657062962,0.9767947292443631
one_pass_random_prefix,adam+sparseadam,0,evaluation,2097152,2,fm,7,27,28,4626637,0.00630957344480193,5,,,0.8861008708244736,0.9949632609478885
one_pass_random_prefix,adam+sparseadam,0,evaluation,4194304,2,fm,7,27,28,4626637,0.00630957344480193,5,,,0.8575875151421026,0.9991649884810112
one_pass_random_prefix,adam+sparseadam,0,evaluation,8388608,2,fm,7,27,28,4626637,0.00630957344480193,5,,,0.8292897201362827,0.9997541516607855
one_pass_random_prefix,adam+sparseadam,0,evaluation,15800000,2,fm,7,27,28,4626637,0.00630957344480193,5,,,0.8038758133923183,0.9999975754601655
one_pass_random_prefix,adam+sparseadam,0,evaluation,1048576,2,fm,7,27,28,4626637,0.00630957344480193,6,,,0.9291135662042876,0.9767947292443631
one_pass_random_prefix,adam+sparseadam,0,evaluation,2097152,2,fm,7,27,28,4626637,0.00630957344480193,6,,,0.8841996018926138,0.9949632609478885
one_pass_random_prefix,adam+sparseadam,0,evaluation,4194304,2,fm,7,27,28,4626637,0.00630957344480193,6,,,0.8562315928508524,0.9991649884810112
one_pass_random_prefix,adam+sparseadam,0,evaluation,8388608,2,fm,7,27,28,4626637,0.00630957344480193,6,,,0.8284555758502722,0.9997541516607855
one_pass_random_prefix,adam+sparseadam,0,evaluation,15800000,2,fm,7,27,28,4626637,0.00630957344480193,6,,,0.8036425701297096,0.9999975754601655
one_pass_random_prefix,adam+sparseadam,0,evaluation,1048576,2,fm,7,27,28,4626637,0.00630957344480193,7,,,0.9304705778489698,0.9767947292443631
one_pass_random_prefix,adam+sparseadam,0,evaluation,2097152,2,fm,7,27,28,4626637,0.00630957344480193,7,,,0.8853906710137092,0.9949632609478885
one_pass_random_prefix,adam+sparseadam,0,evaluation,4194304,2,fm,7,27,28,4626637,0.00630957344480193,7,,,0.8569185567729702,0.9991649884810112
one_pass_random_prefix,adam+sparseadam,0,evaluation,8388608,2,fm,7,27,28,4626637,0.00630957344480193,7,,,0.8288997475405069,0.9997541516607855
one_pass_random_prefix,adam+sparseadam,0,evaluation,15800000,2,fm,7,27,28,4626637,0.00630957344480193,7,,,0.8043691270653003,0.9999975754601655
one_pass_random_prefix,adam+sparseadam,0,evaluation,1048576,1,fm,11,65,66,10905643,0.0025118864315095794,4,,,0.9841364928985572,0.9762438737939733
one_pass_random_prefix,adam+sparseadam,0,evaluation,2097152,1,fm,11,65,66,10905643,0.0025118864315095794,4,,,0.9107224638164733,0.994910890887464
one_pass_random_prefix,adam+sparseadam,0,evaluation,4194304,1,fm,11,65,66,10905643,0.0025118864315095794,4,,,0.8621074693210931,0.9991960225908924
one_pass_random_prefix,adam+sparseadam,0,evaluation,8388608,1,fm,11,65,66,10905643,0.0025118864315095794,4,,,0.825439176978429,0.9997638498201233
one_pass_random_prefix,adam+sparseadam,0,evaluation,15800000,1,fm,11,65,66,10905643,0.0025118864315095794,4,,,0.7944201518380729,0.9999990301840662
one_pass_random_prefix,adam+sparseadam,0,evaluation,1048576,1,fm,11,65,66,10905643,0.0025118864315095794,5,,,0.9830471101124283,0.9762438737939733
one_pass_random_prefix,adam+sparseadam,0,evaluation,2097152,1,fm,11,65,66,10905643,0.0025118864315095794,5,,,0.909190851179484,0.994910890887464
one_pass_random_prefix,adam+sparseadam,0,evaluation,4194304,1,fm,11,65,66,10905643,0.0025118864315095794,5,,,0.8617219207272471,0.9991960225908924
one_pass_random_prefix,adam+sparseadam,0,evaluation,8388608,1,fm,11,65,66,10905643,0.0025118864315095794,5,,,0.8256457108877439,0.9997638498201233
one_pass_random_prefix,adam+sparseadam,0,evaluation,15800000,1,fm,11,65,66,10905643,0.0025118864315095794,5,,,0.795014117516638,0.9999990301840662
one_pass_random_prefix,adam+sparseadam,0,evaluation,1048576,1,fm,11,65,66,10905643,0.0025118864315095794,6,,,0.9836039029177338,0.9762438737939733
one_pass_random_prefix,adam+sparseadam,0,evaluation,2097152,1,fm,11,65,66,10905643,0.0025118864315095794,6,,,0.9122573219409666,0.994910890887464
one_pass_random_prefix,adam+sparseadam,0,evaluation,4194304,1,fm,11,65,66,10905643,0.0025118864315095794,6,,,0.8622491301980902,0.9991960225908924
one_pass_random_prefix,adam+sparseadam,0,evaluation,8388608,1,fm,11,65,66,10905643,0.0025118864315095794,6,,,0.8256163374237114,0.9997638498201233
one_pass_random_prefix,adam+sparseadam,0,evaluation,15800000,1,fm,11,65,66,10905643,0.0025118864315095794,6,,,0.794966996568192,0.9999990301840662
one_pass_random_prefix,adam+sparseadam,0,evaluation,1048576,1,fm,11,65,66,10905643,0.0025118864315095794,7,,,0.9826109895614322,0.9762438737939733
one_pass_random_prefix,adam+sparseadam,0,evaluation,2097152,1,fm,11,65,66,10905643,0.0025118864315095794,7,,,0.9105533657221445,0.994910890887464
one_pass_random_prefix,adam+sparseadam,0,evaluation,4194304,1,fm,11,65,66,10905643,0.0025118864315095794,7,,,0.8615595925176436,0.9991960225908924
one_pass_random_prefix,adam+sparseadam,0,evaluation,8388608,1,fm,11,65,66,10905643,0.0025118864315095794,7,,,0.8247562500624034,0.9997638498201233
one_pass_random_prefix,adam+sparseadam,0,evaluation,15800000,1,fm,11,65,66,10905643,0.0025118864315095794,7,,,0.7944969678467375,0.9999990301840662
one_pass_random_prefix,adam+sparseadam,0,evaluation,1048576,2,fm,11,65,66,10905643,0.0025118864315095794,4,,,0.9837052065890355,0.9767947292443631
one_pass_random_prefix,adam+sparseadam,0,evaluation,2097152,2,fm,11,65,66,10905643,0.0025118864315095794,4,,,0.9108013291655891,0.9949632609478885
one_pass_random_prefix,adam+sparseadam,0,evaluation,4194304,2,fm,11,65,66,10905643,0.0025118864315095794,4,,,0.8620196968937043,0.9991649884810112
one_pass_random_prefix,adam+sparseadam,0,evaluation,8388608,2,fm,11,65,66,10905643,0.0025118864315095794,4,,,0.8258916489090554,0.9997541516607855
one_pass_random_prefix,adam+sparseadam,0,evaluation,15800000,2,fm,11,65,66,10905643,0.0025118864315095794,4,,,0.7953131132745216,0.9999975754601655
one_pass_random_prefix,adam+sparseadam,0,evaluation,1048576,2,fm,11,65,66,10905643,0.0025118864315095794,5,,,0.9834625151016886,0.9767947292443631
one_pass_random_prefix,adam+sparseadam,0,evaluation,2097152,2,fm,11,65,66,10905643,0.0025118864315095794,5,,,0.9105249650619941,0.9949632609478885
one_pass_random_prefix,adam+sparseadam,0,evaluation,4194304,2,fm,11,65,66,10905643,0.0025118864315095794,5,,,0.8615152551728967,0.9991649884810112
one_pass_random_prefix,adam+sparseadam,0,evaluation,8388608,2,fm,11,65,66,10905643,0.0025118864315095794,5,,,0.8260601908923728,0.9997541516607855
one_pass_random_prefix,adam+sparseadam,0,evaluation,15800000,2,fm,11,65,66,10905643,0.0025118864315095794,5,,,0.7953732992813882,0.9999975754601655
one_pass_random_prefix,adam+sparseadam,0,evaluation,1048576,2,fm,11,65,66,10905643,0.0025118864315095794,6,,,0.9831897592667098,0.9767947292443631
one_pass_random_prefix,adam+sparseadam,0,evaluation,2097152,2,fm,11,65,66,10905643,0.0025118864315095794,6,,,0.9113903694830492,0.9949632609478885
one_pass_random_prefix,adam+sparseadam,0,evaluation,4194304,2,fm,11,65,66,10905643,0.0025118864315095794,6,,,0.8621179221564643,0.9991649884810112
one_pass_random_prefix,adam+sparseadam,0,evaluation,8388608,2,fm,11,65,66,10905643,0.0025118864315095794,6,,,0.8259379951103163,0.9997541516607855
one_pass_random_prefix,adam+sparseadam,0,evaluation,15800000,2,fm,11,65,66,10905643,0.0025118864315095794,6,,,0.7951248664760401,0.9999975754601655
one_pass_random_prefix,adam+sparseadam,0,evaluation,1048576,2,fm,11,65,66,10905643,0.0025118864315095794,7,,,0.9826638340206382,0.9767947292443631
one_pass_random_prefix,adam+sparseadam,0,evaluation,2097152,2,fm,11,65,66,10905643,0.0025118864315095794,7,,,0.9119645936916241,0.9949632609478885
one_pass_random_prefix,adam+sparseadam,0,evaluation,4194304,2,fm,11,65,66,10905643,0.0025118864315095794,7,,,0.8618989938549356,0.9991649884810112
one_pass_random_prefix,adam+sparseadam,0,evaluation,8388608,2,fm,11,65,66,10905643,0.0025118864315095794,7,,,0.8260139427715808,0.9997541516607855
one_pass_random_prefix,adam+sparseadam,0,evaluation,15800000,2,fm,11,65,66,10905643,0.0025118864315095794,7,,,0.7952948675536887,0.9999975754601655
one_pass_random_prefix,adam+sparseadam,0,evaluation,1048576,1,linear,0,0,1,165238,0.00630957344480193,4,,,0.9360452723906332,0.9762438737939733
one_pass_random_prefix,adam+sparseadam,0,evaluation,2097152,1,linear,0,0,1,165238,0.00630957344480193,4,,,0.9054020169968241,0.994910890887464
one_pass_random_prefix,adam+sparseadam,0,evaluation,4194304,1,linear,0,0,1,165238,0.00630957344480193,4,,,0.883092392942703,0.9991960225908924
one_pass_random_prefix,adam+sparseadam,0,evaluation,8388608,1,linear,0,0,1,165238,0.00630957344480193,4,,,0.8694040507323163,0.9997638498201233
one_pass_random_prefix,adam+sparseadam,0,evaluation,15800000,1,linear,0,0,1,165238,0.00630957344480193,4,,,0.8628472021849931,0.9999990301840662
one_pass_random_prefix,adam+sparseadam,0,evaluation,1048576,1,linear,0,0,1,165238,0.00630957344480193,5,,,0.9360452723906332,0.9762438737939733
one_pass_random_prefix,adam+sparseadam,0,evaluation,2097152,1,linear,0,0,1,165238,0.00630957344480193,5,,,0.9054020169968241,0.994910890887464
one_pass_random_prefix,adam+sparseadam,0,evaluation,4194304,1,linear,0,0,1,165238,0.00630957344480193,5,,,0.883092392942703,0.9991960225908924
one_pass_random_prefix,adam+sparseadam,0,evaluation,8388608,1,linear,0,0,1,165238,0.00630957344480193,5,,,0.8694040507323163,0.9997638498201233
one_pass_random_prefix,adam+sparseadam,0,evaluation,15800000,1,linear,0,0,1,165238,0.00630957344480193,5,,,0.8628472021849931,0.9999990301840662
one_pass_random_prefix,adam+sparseadam,0,evaluation,1048576,1,linear,0,0,1,165238,0.00630957344480193,6,,,0.9360452723906332,0.9762438737939733
one_pass_random_prefix,adam+sparseadam,0,evaluation,2097152,1,linear,0,0,1,165238,0.00630957344480193,6,,,0.9054020169968241,0.994910890887464
one_pass_random_prefix,adam+sparseadam,0,evaluation,4194304,1,linear,0,0,1,165238,0.00630957344480193,6,,,0.883092392942703,0.9991960225908924
one_pass_random_prefix,adam+sparseadam,0,evaluation,8388608,1,linear,0,0,1,165238,0.00630957344480193,6,,,0.8694040507323163,0.9997638498201233
one_pass_random_prefix,adam+sparseadam,0,evaluation,15800000,1,linear,0,0,1,165238,0.00630957344480193,6,,,0.8628472021849931,0.9999990301840662
one_pass_random_prefix,adam+sparseadam,0,evaluation,1048576,1,linear,0,0,1,165238,0.00630957344480193,7,,,0.9360452723906332,0.9762438737939733
one_pass_random_prefix,adam+sparseadam,0,evaluation,2097152,1,linear,0,0,1,165238,0.00630957344480193,7,,,0.9054020169968241,0.994910890887464
one_pass_random_prefix,adam+sparseadam,0,evaluation,4194304,1,linear,0,0,1,165238,0.00630957344480193,7,,,0.883092392942703,0.9991960225908924
one_pass_random_prefix,adam+sparseadam,0,evaluation,8388608,1,linear,0,0,1,165238,0.00630957344480193,7,,,0.8694040507323163,0.9997638498201233
one_pass_random_prefix,adam+sparseadam,0,evaluation,15800000,1,linear,0,0,1,165238,0.00630957344480193,7,,,0.8628472021849931,0.9999990301840662
one_pass_random_prefix,adam+sparseadam,0,evaluation,1048576,2,linear,0,0,1,165238,0.00630957344480193,4,,,0.9360076094949158,0.9767947292443631
one_pass_random_prefix,adam+sparseadam,0,evaluation,2097152,2,linear,0,0,1,165238,0.00630957344480193,4,,,0.9051815322541903,0.9949632609478885
one_pass_random_prefix,adam+sparseadam,0,evaluation,4194304,2,linear,0,0,1,165238,0.00630957344480193,4,,,0.8828394662743109,0.9991649884810112
one_pass_random_prefix,adam+sparseadam,0,evaluation,8388608,2,linear,0,0,1,165238,0.00630957344480193,4,,,0.8693698794115313,0.9997541516607855
one_pass_random_prefix,adam+sparseadam,0,evaluation,15800000,2,linear,0,0,1,165238,0.00630957344480193,4,,,0.862950530916428,0.9999975754601655
one_pass_random_prefix,adam+sparseadam,0,evaluation,1048576,2,linear,0,0,1,165238,0.00630957344480193,5,,,0.9360076094949158,0.9767947292443631
one_pass_random_prefix,adam+sparseadam,0,evaluation,2097152,2,linear,0,0,1,165238,0.00630957344480193,5,,,0.9051815322541903,0.9949632609478885
one_pass_random_prefix,adam+sparseadam,0,evaluation,4194304,2,linear,0,0,1,165238,0.00630957344480193,5,,,0.8828394662743109,0.9991649884810112
one_pass_random_prefix,adam+sparseadam,0,evaluation,8388608,2,linear,0,0,1,165238,0.00630957344480193,5,,,0.8693698794115313,0.9997541516607855
one_pass_random_prefix,adam+sparseadam,0,evaluation,15800000,2,linear,0,0,1,165238,0.00630957344480193,5,,,0.862950530916428,0.9999975754601655
one_pass_random_prefix,adam+sparseadam,0,evaluation,1048576,2,linear,0,0,1,165238,0.00630957344480193,6,,,0.9360076094949158,0.9767947292443631
one_pass_random_prefix,adam+sparseadam,0,evaluation,2097152,2,linear,0,0,1,165238,0.00630957344480193,6,,,0.9051815322541903,0.9949632609478885
one_pass_random_prefix,adam+sparseadam,0,evaluation,4194304,2,linear,0,0,1,165238,0.00630957344480193,6,,,0.8828394662743109,0.9991649884810112
one_pass_random_prefix,adam+sparseadam,0,evaluation,8388608,2,linear,0,0,1,165238,0.00630957344480193,6,,,0.8693698794115313,0.9997541516607855
one_pass_random_prefix,adam+sparseadam,0,evaluation,15800000,2,linear,0,0,1,165238,0.00630957344480193,6,,,0.862950530916428,0.9999975754601655
one_pass_random_prefix,adam+sparseadam,0,evaluation,1048576,2,linear,0,0,1,165238,0.00630957344480193,7,,,0.9360076094949158,0.9767947292443631
one_pass_random_prefix,adam+sparseadam,0,evaluation,2097152,2,linear,0,0,1,165238,0.00630957344480193,7,,,0.9051815322541903,0.9949632609478885
one_pass_random_prefix,adam+sparseadam,0,evaluation,4194304,2,linear,0,0,1,165238,0.00630957344480193,7,,,0.8828394662743109,0.9991649884810112
one_pass_random_prefix,adam+sparseadam,0,evaluation,8388608,2,linear,0,0,1,165238,0.00630957344480193,7,,,0.8693698794115313,0.9997541516607855
one_pass_random_prefix,adam+sparseadam,0,evaluation,15800000,2,linear,0,0,1,165238,0.00630957344480193,7,,,0.862950530916428,0.9999975754601655
one_pass_random_prefix,adam+sparseadam,0,evaluation,1048576,1,spectral,3,0,6,991428,0.00630957344480193,4,,,1.0026154274708563,0.9762438737939733
one_pass_random_prefix,adam+sparseadam,0,evaluation,2097152,1,spectral,3,0,6,991428,0.00630957344480193,4,,,0.9455099681478715,0.994910890887464
one_pass_random_prefix,adam+sparseadam,0,evaluation,4194304,1,spectral,3,0,6,991428,0.00630957344480193,4,,,0.9020742589270838,0.9991960225908924
one_pass_random_prefix,adam+sparseadam,0,evaluation,8388608,1,spectral,3,0,6,991428,0.00630957344480193,4,,,0.8789202527214551,0.9997638498201233
one_pass_random_prefix,adam+sparseadam,0,evaluation,15800000,1,spectral,3,0,6,991428,0.00630957344480193,4,,,0.8676602231273546,0.9999990301840662
one_pass_random_prefix,adam+sparseadam,0,evaluation,1048576,1,spectral,3,0,6,991428,0.00630957344480193,5,,,0.9981702628325642,0.9762438737939733
one_pass_random_prefix,adam+sparseadam,0,evaluation,2097152,1,spectral,3,0,6,991428,0.00630957344480193,5,,,0.9478775894380667,0.994910890887464
one_pass_random_prefix,adam+sparseadam,0,evaluation,4194304,1,spectral,3,0,6,991428,0.00630957344480193,5,,,0.9055464081024661,0.9991960225908924
one_pass_random_prefix,adam+sparseadam,0,evaluation,8388608,1,spectral,3,0,6,991428,0.00630957344480193,5,,,0.8794566729680047,0.9997638498201233
one_pass_random_prefix,adam+sparseadam,0,evaluation,15800000,1,spectral,3,0,6,991428,0.00630957344480193,5,,,0.86552901631095,0.9999990301840662
one_pass_random_prefix,adam+sparseadam,0,evaluation,1048576,1,spectral,3,0,6,991428,0.00630957344480193,6,,,0.9971900463890613,0.9762438737939733
one_pass_random_prefix,adam+sparseadam,0,evaluation,2097152,1,spectral,3,0,6,991428,0.00630957344480193,6,,,0.9472132286367871,0.994910890887464
one_pass_random_prefix,adam+sparseadam,0,evaluation,4194304,1,spectral,3,0,6,991428,0.00630957344480193,6,,,0.9045572221626988,0.9991960225908924
one_pass_random_prefix,adam+sparseadam,0,evaluation,8388608,1,spectral,3,0,6,991428,0.00630957344480193,6,,,0.8771913953585014,0.9997638498201233
one_pass_random_prefix,adam+sparseadam,0,evaluation,15800000,1,spectral,3,0,6,991428,0.00630957344480193,6,,,0.8610506019902119,0.9999990301840662
one_pass_random_prefix,adam+sparseadam,0,evaluation,1048576,1,spectral,3,0,6,991428,0.00630957344480193,7,,,0.9951186106188877,0.9762438737939733
one_pass_random_prefix,adam+sparseadam,0,evaluation,2097152,1,spectral,3,0,6,991428,0.00630957344480193,7,,,0.9455332868807836,0.994910890887464
one_pass_random_prefix,adam+sparseadam,0,evaluation,4194304,1,spectral,3,0,6,991428,0.00630957344480193,7,,,0.9040740670258283,0.9991960225908924
one_pass_random_prefix,adam+sparseadam,0,evaluation,8388608,1,spectral,3,0,6,991428,0.00630957344480193,7,,,0.8781564156798802,0.9997638498201233
one_pass_random_prefix,adam+sparseadam,0,evaluation,15800000,1,spectral,3,0,6,991428,0.00630957344480193,7,,,0.8622792160528806,0.9999990301840662
one_pass_random_prefix,adam+sparseadam,0,evaluation,1048576,2,spectral,3,0,6,991428,0.00630957344480193,4,,,1.0026297467328977,0.9767947292443631
one_pass_random_prefix,adam+sparseadam,0,evaluation,2097152,2,spectral,3,0,6,991428,0.00630957344480193,4,,,0.9452473206650976,0.9949632609478885
one_pass_random_prefix,adam+sparseadam,0,evaluation,4194304,2,spectral,3,0,6,991428,0.00630957344480193,4,,,0.9019778751846148,0.9991649884810112
one_pass_random_prefix,adam+sparseadam,0,evaluation,8388608,2,spectral,3,0,6,991428,0.00630957344480193,4,,,0.8788432531841677,0.9997541516607855
one_pass_random_prefix,adam+sparseadam,0,evaluation,15800000,2,spectral,3,0,6,991428,0.00630957344480193,4,,,0.8675197401708684,0.9999975754601655
one_pass_random_prefix,adam+sparseadam,0,evaluation,1048576,2,spectral,3,0,6,991428,0.00630957344480193,5,,,0.9978893557845041,0.9767947292443631
one_pass_random_prefix,adam+sparseadam,0,evaluation,2097152,2,spectral,3,0,6,991428,0.00630957344480193,5,,,0.94755884606733,0.9949632609478885
one_pass_random_prefix,adam+sparseadam,0,evaluation,4194304,2,spectral,3,0,6,991428,0.00630957344480193,5,,,0.9052583748292713,0.9991649884810112
one_pass_random_prefix,adam+sparseadam,0,evaluation,8388608,2,spectral,3,0,6,991428,0.00630957344480193,5,,,0.8794031336489224,0.9997541516607855
one_pass_random_prefix,adam+sparseadam,0,evaluation,15800000,2,spectral,3,0,6,991428,0.00630957344480193,5,,,0.8654609757515386,0.9999975754601655
one_pass_random_prefix,adam+sparseadam,0,evaluation,1048576,2,spectral,3,0,6,991428,0.00630957344480193,6,,,0.9970654511272065,0.9767947292443631
one_pass_random_prefix,adam+sparseadam,0,evaluation,2097152,2,spectral,3,0,6,991428,0.00630957344480193,6,,,0.9467657044258972,0.9949632609478885
one_pass_random_prefix,adam+sparseadam,0,evaluation,4194304,2,spectral,3,0,6,991428,0.00630957344480193,6,,,0.9041609603208325,0.9991649884810112
one_pass_random_prefix,adam+sparseadam,0,evaluation,8388608,2,spectral,3,0,6,991428,0.00630957344480193,6,,,0.8774682512883579,0.9997541516607855
one_pass_random_prefix,adam+sparseadam,0,evaluation,15800000,2,spectral,3,0,6,991428,0.00630957344480193,6,,,0.8614729032271363,0.9999975754601655
one_pass_random_prefix,adam+sparseadam,0,evaluation,1048576,2,spectral,3,0,6,991428,0.00630957344480193,7,,,0.9949244686426709,0.9767947292443631
one_pass_random_prefix,adam+sparseadam,0,evaluation,2097152,2,spectral,3,0,6,991428,0.00630957344480193,7,,,0.945534495329809,0.9949632609478885
one_pass_random_prefix,adam+sparseadam,0,evaluation,4194304,2,spectral,3,0,6,991428,0.00630957344480193,7,,,0.9039363743755078,0.9991649884810112
one_pass_random_prefix,adam+sparseadam,0,evaluation,8388608,2,spectral,3,0,6,991428,0.00630957344480193,7,,,0.8781814699704854,0.9997541516607855
one_pass_random_prefix,adam+sparseadam,0,evaluation,15800000,2,spectral,3,0,6,991428,0.00630957344480193,7,,,0.8623268581115555,0.9999975754601655
one_pass_random_prefix,adam+sparseadam,0,evaluation,1048576,1,spectral,7,0,28,4626664,0.00630957344480193,4,,,0.9821400413559672,0.9762438737939733
one_pass_random_prefix,adam+sparseadam,0,evaluation,2097152,1,spectral,7,0,28,4626664,0.00630957344480193,4,,,0.9450004050226399,0.994910890887464
one_pass_random_prefix,adam+sparseadam,0,evaluation,4194304,1,spectral,7,0,28,4626664,0.00630957344480193,4,,,0.9146414054080599,0.9991960225908924
one_pass_random_prefix,adam+sparseadam,0,evaluation,8388608,1,spectral,7,0,28,4626664,0.00630957344480193,4,,,0.8927468579615998,0.9997638498201233
one_pass_random_prefix,adam+sparseadam,0,evaluation,15800000,1,spectral,7,0,28,4626664,0.00630957344480193,4,,,0.8754169696669215,0.9999990301840662
one_pass_random_prefix,adam+sparseadam,0,evaluation,1048576,1,spectral,7,0,28,4626664,0.00630957344480193,5,,,0.9808707313166054,0.9762438737939733
one_pass_random_prefix,adam+sparseadam,0,evaluation,2097152,1,spectral,7,0,28,4626664,0.00630957344480193,5,,,0.9450095519009987,0.994910890887464
one_pass_random_prefix,adam+sparseadam,0,evaluation,4194304,1,spectral,7,0,28,4626664,0.00630957344480193,5,,,0.9145200495775512,0.9991960225908924
one_pass_random_prefix,adam+sparseadam,0,evaluation,8388608,1,spectral,7,0,28,4626664,0.00630957344480193,5,,,0.8923113887894962,0.9997638498201233
one_pass_random_prefix,adam+sparseadam,0,evaluation,15800000,1,spectral,7,0,28,4626664,0.00630957344480193,5,,,0.8746872722040746,0.9999990301840662
one_pass_random_prefix,adam+sparseadam,0,evaluation,1048576,1,spectral,7,0,28,4626664,0.00630957344480193,6,,,0.9821511215282404,0.9762438737939733
one_pass_random_prefix,adam+sparseadam,0,evaluation,2097152,1,spectral,7,0,28,4626664,0.00630957344480193,6,,,0.9435004292844148,0.994910890887464
one_pass_random_prefix,adam+sparseadam,0,evaluation,4194304,1,spectral,7,0,28,4626664,0.00630957344480193,6,,,0.9133868825190727,0.9991960225908924
one_pass_random_prefix,adam+sparseadam,0,evaluation,8388608,1,spectral,7,0,28,4626664,0.00630957344480193,6,,,0.8916140565251544,0.9997638498201233
one_pass_random_prefix,adam+sparseadam,0,evaluation,15800000,1,spectral,7,0,28,4626664,0.00630957344480193,6,,,0.8725354341806799,0.9999990301840662
one_pass_random_prefix,adam+sparseadam,0,evaluation,1048576,1,spectral,7,0,28,4626664,0.00630957344480193,7,,,0.9791174851630366,0.9762438737939733
one_pass_random_prefix,adam+sparseadam,0,evaluation,2097152,1,spectral,7,0,28,4626664,0.00630957344480193,7,,,0.9417914981182229,0.994910890887464
one_pass_random_prefix,adam+sparseadam,0,evaluation,4194304,1,spectral,7,0,28,4626664,0.00630957344480193,7,,,0.9121367000512194,0.9991960225908924
one_pass_random_prefix,adam+sparseadam,0,evaluation,8388608,1,spectral,7,0,28,4626664,0.00630957344480193,7,,,0.8914560788030519,0.9997638498201233
one_pass_random_prefix,adam+sparseadam,0,evaluation,15800000,1,spectral,7,0,28,4626664,0.00630957344480193,7,,,0.8733044877010105,0.9999990301840662
one_pass_random_prefix,adam+sparseadam,0,evaluation,1048576,2,spectral,7,0,28,4626664,0.00630957344480193,4,,,0.9817506796030151,0.9767947292443631
one_pass_random_prefix,adam+sparseadam,0,evaluation,2097152,2,spectral,7,0,28,4626664,0.00630957344480193,4,,,0.9447143203915965,0.9949632609478885
one_pass_random_prefix,adam+sparseadam,0,evaluation,4194304,2,spectral,7,0,28,4626664,0.00630957344480193,4,,,0.9143731022251058,0.9991649884810112
one_pass_random_prefix,adam+sparseadam,0,evaluation,8388608,2,spectral,7,0,28,4626664,0.00630957344480193,4,,,0.8928385744373611,0.9997541516607855
one_pass_random_prefix,adam+sparseadam,0,evaluation,15800000,2,spectral,7,0,28,4626664,0.00630957344480193,4,,,0.8756220448873167,0.9999975754601655
one_pass_random_prefix,adam+sparseadam,0,evaluation,1048576,2,spectral,7,0,28,4626664,0.00630957344480193,5,,,0.9808351592471286,0.9767947292443631
one_pass_random_prefix,adam+sparseadam,0,evaluation,2097152,2,spectral,7,0,28,4626664,0.00630957344480193,5,,,0.945188579373056,0.9949632609478885
one_pass_random_prefix,adam+sparseadam,0,evaluation,4194304,2,spectral,7,0,28,4626664,0.00630957344480193,5,,,0.9142801331238434,0.9991649884810112
one_pass_random_prefix,adam+sparseadam,0,evaluation,8388608,2,spectral,7,0,28,4626664,0.00630957344480193,5,,,0.8923486129057991,0.9997541516607855
one_pass_random_prefix,adam+sparseadam,0,evaluation,15800000,2,spectral,7,0,28,4626664,0.00630957344480193,5,,,0.8752094950418219,0.9999975754601655
one_pass_random_prefix,adam+sparseadam,0,evaluation,1048576,2,spectral,7,0,28,4626664,0.00630957344480193,6,,,0.9819404301198742,0.9767947292443631
one_pass_random_prefix,adam+sparseadam,0,evaluation,2097152,2,spectral,7,0,28,4626664,0.00630957344480193,6,,,0.9433383177253479,0.9949632609478885
one_pass_random_prefix,adam+sparseadam,0,evaluation,4194304,2,spectral,7,0,28,4626664,0.00630957344480193,6,,,0.9128543942974571,0.9991649884810112
one_pass_random_prefix,adam+sparseadam,0,evaluation,8388608,2,spectral,7,0,28,4626664,0.00630957344480193,6,,,0.8915489007277998,0.9997541516607855
one_pass_random_prefix,adam+sparseadam,0,evaluation,15800000,2,spectral,7,0,28,4626664,0.00630957344480193,6,,,0.8728811588835002,0.9999975754601655
one_pass_random_prefix,adam+sparseadam,0,evaluation,1048576,2,spectral,7,0,28,4626664,0.00630957344480193,7,,,0.9794745034778237,0.9767947292443631
one_pass_random_prefix,adam+sparseadam,0,evaluation,2097152,2,spectral,7,0,28,4626664,0.00630957344480193,7,,,0.941769016864785,0.9949632609478885
one_pass_random_prefix,adam+sparseadam,0,evaluation,4194304,2,spectral,7,0,28,4626664,0.00630957344480193,7,,,0.9113044334837436,0.9991649884810112
one_pass_random_prefix,adam+sparseadam,0,evaluation,8388608,2,spectral,7,0,28,4626664,0.00630957344480193,7,,,0.8913243588851771,0.9997541516607855
one_pass_random_prefix,adam+sparseadam,0,evaluation,15800000,2,spectral,7,0,28,4626664,0.00630957344480193,7,,,0.8728335015490781,0.9999975754601655
one_pass_random_prefix,adam+sparseadam,0,evaluation,1048576,1,spectral,11,0,66,10905708,0.00630957344480193,4,,,0.9701097241201604,0.9762438737939733
one_pass_random_prefix,adam+sparseadam,0,evaluation,2097152,1,spectral,11,0,66,10905708,0.00630957344480193,4,,,0.9386544292787209,0.994910890887464
one_pass_random_prefix,adam+sparseadam,0,evaluation,4194304,1,spectral,11,0,66,10905708,0.00630957344480193,4,,,0.9154375204714114,0.9991960225908924
one_pass_random_prefix,adam+sparseadam,0,evaluation,8388608,1,spectral,11,0,66,10905708,0.00630957344480193,4,,,0.8999635318366884,0.9997638498201233
one_pass_random_prefix,adam+sparseadam,0,evaluation,15800000,1,spectral,11,0,66,10905708,0.00630957344480193,4,,,0.8861098780257075,0.9999990301840662
one_pass_random_prefix,adam+sparseadam,0,evaluation,1048576,1,spectral,11,0,66,10905708,0.00630957344480193,5,,,0.9703109547529807,0.9762438737939733
one_pass_random_prefix,adam+sparseadam,0,evaluation,2097152,1,spectral,11,0,66,10905708,0.00630957344480193,5,,,0.9391045212776408,0.994910890887464
one_pass_random_prefix,adam+sparseadam,0,evaluation,4194304,1,spectral,11,0,66,10905708,0.00630957344480193,5,,,0.9157464508197751,0.9991960225908924
one_pass_random_prefix,adam+sparseadam,0,evaluation,8388608,1,spectral,11,0,66,10905708,0.00630957344480193,5,,,0.9001382718922707,0.9997638498201233
one_pass_random_prefix,adam+sparseadam,0,evaluation,15800000,1,spectral,11,0,66,10905708,0.00630957344480193,5,,,0.8861249359717577,0.9999990301840662
one_pass_random_prefix,adam+sparseadam,0,evaluation,1048576,1,spectral,11,0,66,10905708,0.00630957344480193,6,,,0.9704923477951789,0.9762438737939733
one_pass_random_prefix,adam+sparseadam,0,evaluation,2097152,1,spectral,11,0,66,10905708,0.00630957344480193,6,,,0.9388327434364935,0.994910890887464
one_pass_random_prefix,adam+sparseadam,0,evaluation,4194304,1,spectral,11,0,66,10905708,0.00630957344480193,6,,,0.9160697200279493,0.9991960225908924
one_pass_random_prefix,adam+sparseadam,0,evaluation,8388608,1,spectral,11,0,66,10905708,0.00630957344480193,6,,,0.900480249098837,0.9997638498201233
one_pass_random_prefix,adam+sparseadam,0,evaluation,15800000,1,spectral,11,0,66,10905708,0.00630957344480193,6,,,0.8859477330230263,0.9999990301840662
one_pass_random_prefix,adam+sparseadam,0,evaluation,1048576,1,spectral,11,0,66,10905708,0.00630957344480193,7,,,0.9708485481342959,0.9762438737939733
one_pass_random_prefix,adam+sparseadam,0,evaluation,2097152,1,spectral,11,0,66,10905708,0.00630957344480193,7,,,0.9399660807465583,0.994910890887464
one_pass_random_prefix,adam+sparseadam,0,evaluation,4194304,1,spectral,11,0,66,10905708,0.00630957344480193,7,,,0.9160264099233332,0.9991960225908924
one_pass_random_prefix,adam+sparseadam,0,evaluation,8388608,1,spectral,11,0,66,10905708,0.00630957344480193,7,,,0.899994576652941,0.9997638498201233
one_pass_random_prefix,adam+sparseadam,0,evaluation,15800000,1,spectral,11,0,66,10905708,0.00630957344480193,7,,,0.8865598112456896,0.9999990301840662
one_pass_random_prefix,adam+sparseadam,0,evaluation,1048576,2,spectral,11,0,66,10905708,0.00630957344480193,4,,,0.9697100784859822,0.9767947292443631
one_pass_random_prefix,adam+sparseadam,0,evaluation,2097152,2,spectral,11,0,66,10905708,0.00630957344480193,4,,,0.938658911231253,0.9949632609478885
one_pass_random_prefix,adam+sparseadam,0,evaluation,4194304,2,spectral,11,0,66,10905708,0.00630957344480193,4,,,0.9155429377564019,0.9991649884810112
one_pass_random_prefix,adam+sparseadam,0,evaluation,8388608,2,spectral,11,0,66,10905708,0.00630957344480193,4,,,0.9003824257392943,0.9997541516607855
one_pass_random_prefix,adam+sparseadam,0,evaluation,15800000,2,spectral,11,0,66,10905708,0.00630957344480193,4,,,0.8867770879407169,0.9999975754601655
one_pass_random_prefix,adam+sparseadam,0,evaluation,1048576,2,spectral,11,0,66,10905708,0.00630957344480193,5,,,0.9702590210695791,0.9767947292443631
one_pass_random_prefix,adam+sparseadam,0,evaluation,2097152,2,spectral,11,0,66,10905708,0.00630957344480193,5,,,0.9388833132322655,0.9949632609478885
one_pass_random_prefix,adam+sparseadam,0,evaluation,4194304,2,spectral,11,0,66,10905708,0.00630957344480193,5,,,0.9155638276440203,0.9991649884810112
one_pass_random_prefix,adam+sparseadam,0,evaluation,8388608,2,spectral,11,0,66,10905708,0.00630957344480193,5,,,0.9001421324087117,0.9997541516607855
one_pass_random_prefix,adam+sparseadam,0,evaluation,15800000,2,spectral,11,0,66,10905708,0.00630957344480193,5,,,0.8862532919238,0.9999975754601655
one_pass_random_prefix,adam+sparseadam,0,evaluation,1048576,2,spectral,11,0,66,10905708,0.00630957344480193,6,,,0.9700796385291741,0.9767947292443631
one_pass_random_prefix,adam+sparseadam,0,evaluation,2097152,2,spectral,11,0,66,10905708,0.00630957344480193,6,,,0.9386810241981631,0.9949632609478885
one_pass_random_prefix,adam+sparseadam,0,evaluation,4194304,2,spectral,11,0,66,10905708,0.00630957344480193,6,,,0.9158344836743783,0.9991649884810112
one_pass_random_prefix,adam+sparseadam,0,evaluation,8388608,2,spectral,11,0,66,10905708,0.00630957344480193,6,,,0.9005511326859774,0.9997541516607855
one_pass_random_prefix,adam+sparseadam,0,evaluation,15800000,2,spectral,11,0,66,10905708,0.00630957344480193,6,,,0.8856389620856797,0.9999975754601655
one_pass_random_prefix,adam+sparseadam,0,evaluation,1048576,2,spectral,11,0,66,10905708,0.00630957344480193,7,,,0.97080231293605,0.9767947292443631
one_pass_random_prefix,adam+sparseadam,0,evaluation,2097152,2,spectral,11,0,66,10905708,0.00630957344480193,7,,,0.9397651543909877,0.9949632609478885
one_pass_random_prefix,adam+sparseadam,0,evaluation,4194304,2,spectral,11,0,66,10905708,0.00630957344480193,7,,,0.9159129202237845,0.9991649884810112
one_pass_random_prefix,adam+sparseadam,0,evaluation,8388608,2,spectral,11,0,66,10905708,0.00630957344480193,7,,,0.9000397041393696,0.9997541516607855
one_pass_random_prefix,adam+sparseadam,0,evaluation,15800000,2,spectral,11,0,66,10905708,0.00630957344480193,7,,,0.88671829176469,0.9999975754601655
